smiles,y
CC1=Cc2c(c(C)cc3occ(C)c23)CC1,0
Cc1cc2occ(C)c2c2c1CCC(C)C2,1
O=C1C=C2C=CC3CC2(O1)C1CCCCN31,0
C=C(CO)C1CCC2(C)CCC=C(C)C2C1,0
C[N+]12CC=C(CO)C1(O)C(O)CC2,0
COC1=CC(=O)OC(C=Cc2ccccc2)C1,1
COC1=CC(=O)OC(CCc2ccccc2)C1,1
CC1=CC2C(=C(C)C)C(=O)CC(C)C2CC1=O,0
CC1=CC2C(CC1=O)C(C)CC(=O)C2C(C)C,1
COC(=O)C1=CCCN(C)C1,1
Cc1cc(O)c2c(O)c3c(O)cccc3cc2c1,0
CC1=C2C3OC(=O)C(C)C3CCC2(C)C=CC1=O,0
C=C1C(=O)OC2C1CCC1(C)C(O)CC=C(C)C21,0
C=C1C(=O)OC2C1CCC1(C)C(O)CCC(=C)C21,0
CC1=CC(=O)C(=C(C)C)CC2C(C)(O)CCC12O,0
CC(C)=C1CC2C(CCC2(C)O)C(C)(O)CC1=O,0
O=C(O)CCCCCCCCCCC1C=CCC1,0
C=C1C(=O)OC2CC(C)C3CCC(=O)C3(C)C(O)C12,1
C=C1C(=O)OC2CC(C)C3CC(O)C(O)C3(C)CC12,0
COC1=CC(=O)OC(C=Cc2ccc3c(c2)OCO3)C1,1
CC(=O)OC1CC2C(C)CC(=O)C(C(C)C)C2C=C1C,0
C=C1C(=O)OC2CC(C)C3CC(O)OC(O)C3(C)CC12,1
O=C(C=CC=Cc1ccc2c(c1)OCO2)N1CCCCC1,1
COc1ccc2c3c1OC1CC(=O)C=CC31CCN(C)C2,1
OC1C=C2CCN3Cc4cc5c(cc4C(C1O)C23)OCO5,0
CC(=O)OC1C=CC(=O)N(C(=O)CCc2ccccc2)C1,1
OC1CC2CCN3Cc4cc5c(cc4C(C1O)C23)OCO5,1
COc1cc2c(cc1O)C1C(O)C(O)C=C3CCN(C2)C31,0
O=c1c2ccccc2ncn1CC1(O)CC2NCCCC2O1,1
CC(C)c1ccc2c(c1O)CCC1C3=C(CCC21C)C(=O)OC3,0
CCCCC=CC=CC1CCCC2CCC(OC(C)=O)C(C)N12,1
c1c2c(cc3c1OCO3)-c1cc3ccc4c(c3c[n+]1CC2)OCO4,0
CC=C1CC(C)C(O)C(=O)OCC2=C3C(CCN3CC2)OC1=O,1
C=CC12CN(C)C3C4COC(CC41)C1(C(=O)Nc4ccccc41)C32,1
CC1C(=O)OC2CCn3ccc(c32)COC(=O)C(C)(O)C1(C)O,1
CCC1C2CC3C4N(C)c5ccccc5C45CC(C2C5O)N3C1O,1
C[n+]1cc2c3c(ccc2c2ccc4cc5c(cc4c21)OCO5)OCO3,1
CC1=CC(=O)OC2CCN3CC=C(COC(=O)C(C)(O)C(C)C1)C23,1
COc1ccc2cc3[n+](cc2c1OC)CCc1cc2c(cc1-3)OCO2,0
CC1CC2(C)CC(=O)OC3CCN4CCC(COC(=O)C1(C)O2)C34,1
CC1=CC(=O)OC2CCN3CCC(COC(=O)C(C)(O)C(C)C1)C23,1
COc1ccc(Cc2nccc3cc(OC)c(OC)cc23)cc1OC,1
CC(=O)c1c(O)c(C)c(O)c2c1OC1=CC(=O)C(C(C)=O)C(=O)C12C,0
CC12CC(c3ccoc3)OC(=O)C1CC(=O)C1C3CC(CC12)OC3=O,1
C=C1CC2(OC2C)C(=O)OC2CCN3CC=C(COC(=O)C1(C)O)C23,1
C=C1C(=O)OC2CCN3CC=C(COC(=O)C(C)(O)C4(CO4)C1C)C23,1
CC=C1CC(C)C(C)(O)C(=O)OCC2=CCN3CC(OC1=O)C(O)C23,1
CC=C1CC(C)C(C)(O)C(=O)OCC2=CCN3CC(O)C(OC1=O)C23,1
CC1OCC23CC1(O)C(=O)OC1CCN4CC=C(COC(=O)C2(C)O3)C14,1
C=C1CC(CC)C(=O)OC2CC[N+]3(C)CC=C(COC(=O)C1(C)O)C23O,1
COC(=O)C1CC(O)CC2C1C(=O)CC1C(=O)OC(c3ccoc3)CC12C,1
CCC12C(=O)OC3CC[N+]4(C)CC=C(COC(=O)C(C)(OC1=O)C2C)C34O,1
COC(=O)C1=COC(C)C2CN3CCc4c([nH]c5ccc(OC)cc45)C3CC12,0
CC(=O)OC1CC2C(=O)OC(c3ccoc3)CC2(C)C2CC3CC(C(=O)O3)C12,1
CC=C1CC(C)C(C)(OC(C)=O)C(=O)OCc2ccn3c2C(CC3=O)OC1=O,1
CC=C(C)C(=O)OC1CCN2CC=C(COC(=O)C3(O)C(C)OC(=O)C3C)C12,1
COc1cc2c3c(c4cc(OC)c(OC)cc4c2cc1OC)CN1CCCC1C3,0
COc1cc2c(cc1OC)C1C(=O)c3ccc4c(c3OC1CO2)C=CC(C)(C)O4,0
COC(=O)C1CC2CC3C1(C(=O)O2)C1CC2(OC(c4ccoc4)CC32C)C(=O)O1,1
C=CC1=CC(C)C(C)(OC(C)=O)C(=O)OCC2=CC[N+]3(C)CCC(OC1=O)C23[O-],1
CC=C1CC(C)C(C)(OC(C)=O)C(=O)OCC2=CCN(C)CCC(OC1=O)C2=O,1
CC(=O)c1c(C)cc2ccc(-c3ccc4cc(C)c(C(C)=O)c(O)c4c3O)c(O)c2c1O,0
CC(C)C1(O)CC(=O)OC(C)C(O)(C(C)C)C(=O)OCC2=CCN3CCC(OC1=O)C23,1
CC(C)(OC1OC(CO)C(O)C(O)C1O)C1CCC(O)(CO)C2CC(=O)C(C)(O)C2C1,0
CC(C)=CCCC1C(=O)OC2CC3(C)C4=CCC5C(C)(C)C(=O)CCC5(C)C4CCC3(C)C21,0
CC(C1CCC2C3CCC4C(=O)C(NC(=O)c5ccccc5)=CCC4(C)C3CCC21C)N(C)C,1
CC(C)=CCCC1C(=O)OC2CC3(C)C4=CC(=O)C5C(C)(C)C(O)CCC5(C)C4CCC3(C)C21,0
O=C(C=Cc1ccc(O)c(O)c1C=Cc1ccc(O)c(O)c1)OC(Cc1ccc(O)c(O)c1)C(=O)O,0
Cc1cc(O)c2c(c1)C(C1c3cc(C)cc(O)c3C(=O)c3c(O)cc(O)cc31)c1cc(O)cc(O)c1C2=O,1
CC(C)=CCCC1(C)C(CC=C(C)C)CC2(CC=C(C)C)C(=O)C1(C(=O)C(C)C)C(=O)C(CC=C(C)C)=C2O,0
CC(=O)OC1CC(O)C23COC(O)C1(C)C2CC(O)C1(C)C2C(=O)CC(c4ccoc4)C2(C)C(OC(C)=O)C(=O)C13,0
CCC1NC(=O)CC(c2ccccc2)NC(=O)C(CO)NC(=O)C(C(C)O)NC(=O)C2C(Cl)C(Cl)CN2C1=O,1
CC(=O)OC1CC2C(C)(C3=CCC(c4ccoc4)C31C)C(O)C1OCC3(C)C(O)CC(OC(=O)C=Cc4ccccc4)C2(C)C13,0
CCN1CC2(COC)C(O)CC(OC)C34C5CC6(O)C(OC)C(O)C(OC(C)=O)(C5C6OC(=O)c5ccccc5)C(C(OC)C23)C14,1
Oc1ccc(C2Oc3cc(O)c4c5c3C2c2cc(O)cc(O)c2C(c2ccc(O)cc2)C5C(c2cc(O)cc(O)c2)C4c2ccc(O)cc2)cc1,0
CC1NC(=O)C(CC(C)(O)CO)NC(=O)C2Cc3c([nH]c4ccccc34)SCC(NC(=O)C(C(C)O)NC1=O)C(=O)N1CC(O)CC1C(=O)NC(C)C(=O)N2,0
O=C(O)c1cc(O)c2c(c1)C(C1c3cc(C(=O)O)cc(O)c3C(=O)c3c(OC4OC(CO)C(O)C(O)C4O)cccc31)c1cccc(OC3OC(CO)C(O)C(O)C3O)c1C2=O,0
CC(C)=CC1COC23CC4(CO2)C(CCC2C5(C)CCC(OC6OCC(O)C(OC7OC(CO)C(O)C(O)C7O)C6OC6OC(CO)C(O)C6O)C(C)(C)C5CCC24C)C3C1(C)O,0
CC1OC(OC2C(OC3C(OC4CCC5(C)C(CCC6(C)C5CC=C5C7CC(C)(C)CCC7(C(=O)O)CCC56C)C4(C)C)OCC(O)C3O)OC(CO)C(O)C2O)C(O)C(O)C1O,0
COc1cc(C=CC(=O)OC2C(O)C(COC(=O)C=Cc3cc(OC)c(O)c(OC)c3)OC2(COC(C)=O)OC2OC(COC(C)=O)C(OC(C)=O)C(O)C2OC(C)=O)ccc1O,0
O=C(OC1C(O)C(Oc2cc(O)c(C(=O)CCc3ccccc3)c(O)c2)OC2COC(=O)c3cc(O)c(O)c(O)c3-c3c(cc(O)c(O)c3O)C(=O)OC21)c1cc(O)c(O)c(O)c1,0
CC1CCC2(OC1)OC1CC3C4CCC5CC(OC6OC(CO)C(OC7OC(C)C(O)C(O)C7O)C(O)C6OC6OC(C)C(O)C(O)C6O)CCC5(C)C4CCC3(C)C1C2C,0
CC1CCC2C(C)C3C(CC4C5CC=C6CC(OC7OC(CO)C(O)C(OC8OC(CO)C(O)C(O)C8O)C7OC7OC(C)C(O)C(O)C7O)CCC6(C)C5CCC43C)N2C1,0
CC1CCC2(NC1)OC1CC3C4CC=C5CC(OC6OC(CO)C(OC7OC(C)C(O)C(O)C7O)C(O)C6OC6OC(C)C(O)C(O)C6O)CCC5(C)C4CCC3(C)C1C2C,0
CC1CCC2(OC1)OC1CC3C4CC=C5CC(OC6OC(CO)C(OC7OC(CO)C(O)C7O)C(OC7OC(C)C(O)C(O)C7O)C6O)CCC5(C)C4CCC3(C)C1C2C,0
CC1CCC2(OC1)OC1CC3C4CC=C5CC(OC6OC(CO)C(OC7OC(CO)C(O)C7O)C(O)C6OC6OC(C)C(O)C(O)C6O)CCC5(C)C4CCC3(C)C1C2C,0
OCC1OC(OCC2OC(OCC3OC(OCC4OC(OC5(CO)OC(CO)C(O)C5O)C(O)C(O)C4O)C(O)C(O)C3O)C(O)C(O)C2O)C(O)C(O)C1O,0
CC=C(C)C(=O)OC1CC(OC(=O)C=Cc2ccccc2)C2(C(=O)OC)COC3C2C12COC(O)(C(=O)OC)C2C(C)(C12OC1(C)C1CC2OC2OC=CC21O)C3O,0
C=C1CC23CCC4C(C)(C(=O)OC5OC(CO)C(O)C(O)C5O)CCCC4(C)C2CCC1(OC1OC(CO)C(O)C(O)C1OC1OC(CO)C(O)C(O)C1O)C3,0
CC(C)=CCCC(C)(OC1OC(CO)C(O)C(O)C1O)C1CCC2(C)C1C(O)CC1C3(C)CCC(O)C(C)(C)C3C(OC3OC(CO)C(O)C(O)C3O)CC12C,0
CC(=O)OC1C(OC2CCC34CC35CCC3(C)C(C6(C)CCC(C(C)(C)O)O6)C(O)CC3(C)C5CC(OC3OC(CO)C(O)C(O)C3O)C4C2)OCC(O)C1O,0
CC1(C)CCC2(C(=O)OC3OC(CO)C(O)C(O)C3O)CCC3(C)C(=CCC4C5(C)CCC(OC6OC(C(=O)O)C(O)C(O)C6O)C(C)(C)C5CCC43C)C2C1,0
O=C(OCC1OC(OC(=O)c2cc(O)c(O)c(O)c2)C(OC(=O)c2cc(O)c(O)c(O)c2)C(OC(=O)c2cc(O)c(O)c(O)c2)C1O)c1cc(O)c(O)c(O)c1,0
CC1OC(OC2C(O)C(OCCc3ccc(O)c(O)c3)OC(COC3OC(CO)C(O)C(O)C3O)C2OC(=O)C=Cc2ccc(O)c(O)c2)C(O)C(O)C1O,0
CC(C)=CCCC(C)(O)C1C(=O)CC2(C)C1CCC1C3(CO)CCC(OC4OC(CO)C(OC5OCC(O)C(O)C5O)C(O)C4O)C(C)(C)C3CCC12C,0
COc1cc(C2OCC3C(c4cc(OC)c(OC5OC(CO)C(O)C(O)C5O)c(OC)c4)OCC23)cc(OC)c1OC1OC(CO)C(O)C(O)C1O,0
CC1CCC2(OC1)OC1CC3C4CC=C5CC(OC6OC(CO)C(O)C(O)C6OC6OC(C)C(O)C(O)C6O)CCC5(C)C4CCC3(C)C1(O)C2C,0
COc1ccc(C(O)C(C)Oc2ccc(C3OC(c4ccc(OC(C)C(O)c5ccc(OC)c(OC)c5)c(OC)c4)C(C)C3C)cc2OC)cc1OC,0
O=C1OCC2OC(Oc3cc(O)c(C(=O)CCc4ccccc4)c(O)c3)C(O)C(O)C2OC(=O)c2cc(O)c(O)c(O)c2-c2c1cc(O)c(O)c2O,0
CC=C(C)C(=O)OC1CC(OC(C)=O)C2(C(=O)OC)COC3C2C12COC(O)(C(=O)OC)C2C(C)(C12OC1(C)C1CC2OC2OC=CC21O)C3O,0
CC(=O)OC(C)(C)C=CC(=O)C(C)(O)C1C(O)CC2(C)C3CC=C4C(C=C(OC5OC(CO)C(O)C(O)C5O)C(=O)C4(C)C)C3(C)C(=O)CC12C,0
O=C(C=Cc1ccc(O)c2c1C(C(=O)OC(Cc1ccc(O)c(O)c1)C(=O)O)C(c1ccc(O)c(O)c1)O2)OC(Cc1ccc(O)c(O)c1)C(=O)O,0
COc1ccc(C(O)C(C)Oc2ccc(C3OC(c4ccc(OC(C)C(O)c5ccc6c(c5)OCO6)c(OC)c4)C(C)C3C)cc2OC)cc1OC,0
COc1cc(CC(COC2OC(CO)C(O)C(O)C2O)C(COC2OC(CO)C(O)C(O)C2O)Cc2ccc(O)c(OC)c2)ccc1O,0
CC=C1C(OC2OC(CO)C(O)C(O)C2O)OC=C(C(=O)OC)C1CC(=O)OCC1OC(OCCc2ccc(O)cc2)C(O)C(O)C1O,0
OCC1OC(OCC2OC(OCC3OC(OC4(CO)OC(CO)C(O)C4O)C(O)C(O)C3O)C(O)C(O)C2O)C(O)C(O)C1O,0
CC(=O)OC1CC(C)(C)C(=C=CC(C)=CC=CC(C)=CC=CC=C(C)C=CC=C(C)C(=O)CC23OC2(C)CC(O)CC3(C)C)C(C)(O)C1,1
CC(C)CC1C(=O)N2CCCC2C2(O)OC(NC(=O)C3C=C4c5cccc6[nH]c(Br)c(c56)CC4N(C)C3)(C(C)C)C(=O)N12,0
CC(C)=CCCC1(C)CC(O)c2c(O)c3c(c(CC=C(C)C)c2O1)OC12C(=CC4CC1C(C)(C)OC2(CC=C(C)C(=O)O)C4=O)C3=O,0
O=C(OCC1OC(O)C(O)(COC(=O)c2cc(O)c(O)c(O)c2)C1OC(=O)c1cc(O)c(O)c(O)c1)c1cc(O)c(O)c(O)c1,0
CC(C)=CCCC(C)(O)C1CCC2(C)C1C(O)CC1C3(C)CCC(OC4OC(CO)C(O)C(O)C4O)C(C)(C)C3CCC12C,0
COc1ccc2cc1Oc1ccc(cc1)CC1c3c(cc4c(c3Oc3cc5c(cc3OC)CCN(C)C5C2)OCO4)CCN1C,0
CC(C=CC=C(C)C=CC1=C(C)C(=O)C(O)CC1(C)C)=CC=CC=C(C)C=CC=C(C)C=CC1=C(C)C(=O)C(O)CC1(C)C,0
Oc1cc(O)c2c(c1)OC(c1ccc(O)c(O)c1)C(OC1(c3ccc(O)c(O)c3)Oc3cc(O)cc(O)c3C(O)C1O)C2,0
O=c1cc(-c2ccc(O)cc2)oc2cc(O)c(C3OC(CO)C(O)C(O)C3OC3OC(CO)C(O)C(O)C3O)c(O)c12,0
O=c1c2cc(OC3OC(CO)C(O)C(O)C3O)c(O)cc2oc2cc(O)c(C3OC(CO)C(O)C(O)C3O)c(O)c12,0
CC1CCC2(OC1)OC1CC3C4CC=C5CC(OC6OC(CO)C(O)C(O)C6O)CCC5(C)C4CCC3(C)C1C2C,0
CC(C=CC=C(C)C=CC1=C(C)CC(O)CC1(C)C)=CC=CC=C(C)C=CC=C(C)C=CC1C(C)=CC(O)CC1(C)C,0
COC(=O)C12C3=C(C(C)OC1C1C4=C(C(=O)OCC4=CC45C6=C(C(=O)OCC6)C(CC14)OC5C)C2O)C(O)OCC3,0
O=c1cc(C2Oc3cc(O)cc(O)c3CC2O)cc2c(C3Oc4cc(O)cc(O)c4CC3O)cc(O)c(O)c2c1O,0
O=c1cc(-c2ccc(O)cc2)oc2cc(OC3OC(CO)C(O)C(O)C3OC3OCC(O)(CO)C3O)cc(O)c12,0
CCC(CC(O)C(C)C1CCC2C3=CC(=O)C4C(C)C(OC(=O)c5ccccc5)CCC4(C)C3CCC21C)C(C)C,0
O=C(O)C1=CC(=CC=[N+]2c3cc(O)c(OC4OC(CO)C(O)C(O)C4O)cc3CC2C(=O)[O-])CC(C(=O)O)N1,0
O=C(c1c(O)cc(O)cc1O)C(c1coc2cc(O)cc(O)c2c1=O)C(c1ccc(O)cc1)c1ccc(O)cc1,0
CC=C1C(OC2OC(CO)C(O)C(O)C2O)OC=C(C(=O)OC)C1CC(=O)OCCc1ccc(O)c(O)c1,0
O=c1cc(-c2ccc(O)c(-c3c(O)cc4oc(-c5ccc(O)cc5)cc(=O)c4c3O)c2)oc2cc(O)cc(O)c12,0
COc1c(O)c2c(=O)cc3c4c5c(cc(O)c6oc(C(=O)O)c(CC(C)O)c(c(c1CC(C)O)c24)c65)OCO3,0
O=C(CCc1ccc(O)c(O)c1)NCCCNCCCCNCCCNC(=O)CCc1ccc(O)c(O)c1,0
OCC1OC(OC2OC=CC3C(OC4OC(CO)C(O)C(O)C4O)C4OC4(CO)C23)C(O)C(O)C1O,0
CC(=CC(=O)O)c1c(O)c(C2OC(CO)C(O)C(O)C2O)c2c(c1O)C1OC(CO)C(O)C(O)C1O2,0
COc1cc(C(=O)OCC23OC2C(O)C2C=COC(OC4OC(CO)C(O)C(O)C4O)C23)ccc1O,0
Cc1cc(O)c2c(=O)c3c(O)cc(O)c4c5c(O)cc(O)c6c(=O)c7c(O)cc(C)c8c1c2c(c34)c(c78)c65,0
OCC1OC(OCC2OC(OC3(CO)OC(CO)C(O)C3O)C(O)C(O)C2O)C(O)C(O)C1O,0
COC1CC2C(C)(C)C(=O)CCC2(C)C2=C1C1(C)C(O)CC(C(C)CCC=C(CO)CO)C1(C)CC2,0
CCN1CC2(COC)C(O)CC(OC)C34C5CC6(O)C(O)C5C(O)(C(O)C6OC)C(C(OC)C23)C14,1
CC1=CC2C(C(c3[nH]c4ccccc4c3CCN(C)C)C34CCN(C)C23Nc2ccccc24)C(C)(C)C1,0
CC1(C)OCC(c2c(O)ccc3c2OC(c2ccccc2)CC3=O)C1OC(=O)C=Cc1ccccc1,0
CC12CC3(O)OC(O1)C1(COC(=O)c4ccccc4)C3CC21OC1OC(CO)C(O)C(O)C1O,0
COCC12CCC(C)C(C)C1C1(O)C=CC3C4(C)CCC(=O)C(C)(C)C4CCC3(C)C1(C)CC2,0
CC1(C)OC2CC(=O)OCC23C1CC(=O)C1(C)C3CCC2(C)C(c3ccoc3)OC(=O)C3OC321,0
CC(=O)OC1CC2C(C)(C)C(=O)C=CC2(C)C2CCC3(C)C(c4ccoc4)C(=O)C4OC43C12C,0
CC(CCC=C(CO)CO)C1CCC2(C)C3=CCC4C(C)(C)C(=O)CCC4(C)C3=CCC12C,0
COc1cc2c(c3oc(-c4ccccc4)cc(=O)c13)C(OC(C)=O)C(OC(C)=O)C(C)(C)O2,0
O=C(C=Cc1ccc(O)cc1)c1c(O)cc(O)cc1OC1OC(CO)C(O)C(O)C1O,0
COc1ccc2c(c1C1C(O)OC(C)(C)C1OC(C)=O)OC(c1ccccc1)CC2=O,0
O=c1c2cc(O)c(O)cc2oc2cc(O)c(C3OC(CO)C(O)C(O)C3O)c(O)c12,0
COC(=O)c1cc(OC)c2c(c1-c1c(C(=O)OC)cc(OC)c3c1OCO3)OCO2,1
C=C1CCC(OC2OC(CO)C(O)C(O)C2O)C2(C)CC3OC(=O)C(C)=C3CC12,0
COc1cc2c(cc1OC)C13CCN4CC5=CCOC6CC(=O)N2C1C6C5CC43,0
COc1c(C)c(-c2c(C)c(OC)c3c(c2OC)OCO3)c(OC)c2c1OCO2,0
COc1cc(C=CC(=O)COC(=O)C=Cc2ccc(O)c(OC)c2)ccc1O,0
O=C1CC(c2ccc(O)cc2)Oc2cc3oc4cc(O)c(O)cc4c3c(O)c21,0
COc1cc(C2Oc3c(OC)cc(C=CC(=O)O)cc3C2CO)ccc1O,0
COc1ccc(C2OCC3C(c4ccc5c(c4)OCO5)OCC23)cc1OC,0
COc1cc(C=CC(=O)CC(=O)C=Cc2ccc(O)c(OC)c2)ccc1O,0
CC(=O)C1CCC23OC24CCC2CC(O)CCC2(C)C4C(O)C(O)C13C,0
C=C1C(=O)C23C(O)C1CCC2C12COC3(O)C(O)C1C(C)(C)CCC2O,0
COc1cc2c(cc1O)C1(Cc3ccc4c(c3C1=O)OCO4)N(C)CC2,0
CC1(C)OC2Oc3ccc(C(=O)C=Cc4ccccc4)c(O)c3C2C1O,0
C=C1CCC2C(C)(CO)C(O)CCC2(C)C1CC=C1C(=O)OC=C1O,0
O=c1ccc2c3c(c(O)cc2o1)CC(O)C(c1ccc(O)c(O)c1)O3,0
CC(C)=CC(=O)OC1Cc2cc3ccc(=O)oc3cc2OC1(C)C,0
COc1cc(C=CC(=O)N2CCC=CC2=O)cc(OC)c1OC,0
COc1c(O)cc2oc(Oc3ccc(O)cc3)cc(=O)c2c1O,0
COc1cc2c(cc1OC)C(Cc1ccc(O)cc1)N(C)CC2,0
CN1C(=O)C(O)C(c2ccccc2)C1C(O)c1ccccc1,1
CC1COC2=C1C(=O)C(=O)c1c2ccc2c1CCCC2(C)C,0
CC1=CCCC(C)=CC(O)C(C(C)C)CCC(C)=CCC1,0
CC(=O)OC(C)(C)C1Cc2cc3ccc(=O)oc3cc2O1,0
CC1=CC=C(C(C)C)CCC(C=O)=CCCC(C)=CCC1,0
CCCc1cc(O)c2c(c1)OC(C)(C)C1CC=C(C)CC21,0
COc1cc2c(cc1O)OC1c3ccc(O)cc3OCC21,0
CC1CCC2C(C)C(=O)OC3OC4(C)CCC1C32OO4,1
O=C1CC(OC2OC(CO)C(O)C(O)C2O)CO1,0
CC1=CCCC23OC2C(OC3=O)c2c(C)coc2C1,0
Cc1c(O)c2c(c(C)c1CCO)C(=O)C(C)(C)C2,0
C=C1C(=O)OC2C1CCC(C)=CCCC1(C)OC21,0
CC1(C)CC2C1CCC1(C)CC2(O)CCC1O,0
C=C(C)C1CCC(C)C2(O)CC(=O)C(C)=C2C1,0
C=C1C(=O)OC2C=C(C)CCC=C(C)CCC12,1
CC(C)C1CCC2(C)CCCC(C)C2C1,0
C=C(C)C1CCC2=CCCC(C)C2(C)C1,0
C=C1CCC=C(C)CCC2C1CC2(C)C,0
OC1C2CCOC3OCC(O)(C1O)C32,0
CC1(O)CC(O)C2(O)CC(=O)OCC12,0
CC=C1CNC(O)C2=C1CCOC2=O,0
COc1ccc2c(c1)OC(C)(C)C=C2,0
CCCC=C1OC(=O)c2ccccc21,1
O=CC(O)C1OC(=O)C(O)C1O,0
CC1CCc2c(C=O)cncc21,0
N#Cc1ccc(C(c2ccc(C#N)cc2)n2cncn2)cc1,1
O=C1CN=C(c2ccccc2)c2cc(Cl)ccc2N1CC1CC1,1
Cc1cc(C#N)cc(C)c1Oc1nc(Nc2ccc(C#N)cc2)nc(N)c1Br,1
COc1cc2ncnc(Nc3ccc(F)c(Cl)c3)c2cc1OCCCN1CCOCC1,1
O=c1[nH]cnc2c1ncn2[C@H]1CC[C@@H](CO)O1,1
O=C1CCc2ccc(OCCCCN3CCN(c4cccc(Cl)c4Cl)CC3)cc2N1,1
CCN(Cc1ccncc1)C(=O)C(CO)c1ccccc1,1
CC(=O)Oc1ccc(C(c2ccc(OC(C)=O)cc2)c2ccccn2)cc1,1
NS(=O)(=O)c1cc2c(cc1Cl)NC(CSCc1ccccc1)=NS2(=O)=O,1
NC(=O)N1c2ccccc2C=Cc2ccccc21,1
O=C(OOC(=O)c1ccccc1)c1ccccc1,1
CC1(C)C(C=C(Cl)Cl)C1C(=O)OCc1cccc(Oc2ccccc2)c1,1
O=C(Nc1c(Cl)cncc1Cl)c1ccc(OC(F)F)c(OCC2CC2)c1,1
CCCc1cc(=O)[nH]c(=S)[nH]1,0
CCc1nc(N)nc(N)c1-c1ccc(Cl)cc1,1
Nc1cccc2c1CN(C1CCC(=O)NC1=O)C2=O,1
Cn1cnc([N+](=O)[O-])c1Sc1ncnc2nc[nH]c12,1
CC(O)(CS(=O)(=O)c1ccc(F)cc1)C(=O)Nc1ccc(C#N)c(C(F)(F)F)c1,1
CC(=O)N(CC(O)CN(C(C)=O)c1c(I)c(C(=O)NCC(O)CO)c(I)c(C(=O)NCC(O)CO)c1I)c1c(I)c(C(=O)NCC(O)CO)c(I)c(C(=O)NCC(O)CO)c1I,0
O=C1N(Cc2ccccc2)C2C[S+]3CCCC3C2N1Cc1ccccc1,1
CCC1NC(=O)c2cc(S(N)(=O)=O)c(Cl)cc2N1,1
CCC1(C)CC(=O)NC1=O,1
Cc1ccc(Nc2nccc(N(C)c3ccc4c(C)n(C)nc4c3)n2)cc1S(N)(=O)=O,1
CN1C(=O)CCS(=O)(=O)C1c1ccc(Cl)cc1,1
Cc1cc(C(=O)NNCc2ccccc2)no1,1
NS(=O)(=O)c1cc(C2(O)NC(=O)c3ccccc32)ccc1Cl,1
CS(=O)(=O)CCNCc1ccc(-c2ccc3ncnc(Nc4ccc(OCc5cccc(F)c5)c(Cl)c4)c3c2)o1,1
CS(=O)(=O)c1ccc(C2=C(c3ccccc3)C(=O)OC2)cc1,1
C#Cc1cccc(Nc2ncnc3cc(OCCOC)c(OCCOC)cc23)c1,1
COc1cc(Cc2cnc(N)nc2N)cc(OC)c1OC,0
COC(=O)Nc1nc2cc(C(=O)c3ccccc3)ccc2[nH]1,1
CN1C(C(=O)Nc2ccccn2)=C(O)c2ccccc2S1(=O)=O,1
CN(CCOc1ccc(CC2SC(=O)NC2=O)cc1)c1ccccn1,1
COc1cc2nc(N(C)CCCNC(=O)C3CCCO3)nc(N)c2cc1OC,0
CCOc1nc2cccc(C(=O)OCc3oc(=O)oc3C)c2n1Cc1ccc(-c2ccccc2-c2nc(=O)o[nH]2)cc1,1
CCOC(=O)Nc1ccc(NCc2ccc(F)cc2)cc1N,1
CCOC(=O)c1cncn1C(C)c1ccccc1,1
CCOC(=O)c1ccc(C#Cc2ccc3c(c2)C(C)(C)CCS3)nc1,1
CCN(C(C)=O)c1cccc(-c2ccnc3c(C#N)cnn23)c1,1
CCCS(=O)(=O)Nc1ccc(F)c(C(=O)c2c[nH]c3ncc(-c4ccc(Cl)cc4)cc23)c1F,1
CCc1ccc(CCOc2ccc(CC3SC(=O)NC3=O)cc2)nc1,1
CCC1(c2ccccc2)CCC(=O)NC1=O,1
CCC1(CC)C(=O)NCC(C)C1=O,0
CC[N+](CC)(CCNC(=O)C(=O)NCC[N+](CC)(CC)Cc1ccccc1Cl)Cc1ccccc1Cl,1
CC1=NS(=O)(=O)c2cc(Cl)ccc2N1,1
Cc1ccnc2c1NC(=O)c1cccnc1N2C1CC1,1
Cc1ccccc1N1C(=O)c2cc(S(N)(=O)=O)c(Cl)cc2NC1C,1
Cc1ccccc1C(=O)Nc1ccc(C(=O)N2CCCC(O)c3cc(Cl)ccc32)c(C)c1,1
Cc1ccc(-c2cc(C(F)(F)F)nn2-c2ccc(S(N)(=O)=O)cc2)cc1,1
CC1Cc2ccccc2N1NC(=O)c1ccc(Cl)c(S(N)(=O)=O)c1,1
Cc1cc(C)cc(OCC2CNC(=O)O2)c1,1
Cc1ncc(C[n+]2csc(CCO)c2C)c(N)n1,1
Cc1oncc1C(=O)Nc1ccc(C(F)(F)F)cc1,1
Cc1ccc(NC(=O)c2ccc(CN3CCN(C)CC3)cc2)cc1Nc1nccc(-c2cccnc2)n1,1
Cc1nc2n(c(=O)c1CCN1CCC(c3noc4cc(F)ccc34)CC1)CCCC2,1
Cc1nc(Nc2ncc(C(=O)Nc3c(C)cccc3Cl)s2)cc(N2CCN(CCO)CC2)n1,1
COC(=O)C1=C(C)NC(C)=C(C(=O)OC(C)C)C1c1cccc2nonc12,1
CN1C(=O)CC(C)(c2ccccc2)C1=O,1
CC1(C)NC(=O)N(c2ccc([N+](=O)[O-])c(C(F)(F)F)c2)C1=O,1
CC(=O)Oc1ccccc1C(=O)Nc1ncc([N+](=O)[O-])s1,1
CC(=O)Nc1nnc(S(N)(=O)=O)s1,1
COc1cc2c(c(OC)c1OC)-c1ccc(OC)c(=O)cc1[C@@H](NC(C)=O)CC2,0
CC(=O)/N=c1\sc(S(N)(=O)=O)nn1C,1
CC(c1cc2ccccc2s1)N(O)C(N)=O,0
CC(C)Nc1cccnc1N1CCN(C(=O)c2cc3cc(NS(C)(=O)=O)ccc3[nH]2)CC1,1
CC(C)Cn1cnc2c(N)nc3ccccc3c21,1
CC(C)/N=c1\cc2n(-c3ccc(Cl)cc3)c3ccccc3nc-2cc1Nc1ccc(Cl)cc1,1
CC(C)(C(=O)c1cccnc1)c1cccnc1,1
COc1ccc(C(=O)CC(=O)c2ccc(C(C)(C)C)cc2)cc1,0
CC(C)(C#N)c1cc(Cn2cncn2)cc(C(C)(C)C#N)c1,1
C[N+]12CCC(CC1)C(OC(=O)C(O)(c1ccccc1)c1ccccc1)C2,0
C[N+]1(CCCCC[N+]2(C)CCCC2)CCCC1,0
C[N+]1(C)CCCC(OC(=O)C(O)(c2ccccc2)c2ccccc2)C1,0
COc1ccc(CC2c3cc(OC)c(OC)cc3CC[N+]2(C)CCC(=O)OCCCCCOC(=O)CC[N+]2(C)CCc3cc(OC)c(OC)cc3C2Cc2ccc(OC)c(OC)c2)cc1OC,0
C[N+](C)(CCCCCC[N+](C)(C)C1c2ccccc2-c2ccccc21)C1c2ccccc2-c2ccccc21,0
C[C@]12CC(=O)[C@H]3[C@@H](CCC4=CC(=O)C=C[C@@]43C)[C@@H]1CC[C@]2(O)C(=O)CO,1
Nc1cc(-c2ccncc2)c[nH]c1=O,1
S=P(N1CC1)(N1CC1)N1CC1,1
O=C(CCBr)N1CCN(C(=O)CCBr)CC1,1
NC(=O)N1c2ccccc2CC(=O)c2ccccc21,1
O=C1OC2(c3ccc(O)cc3Oc3cc(O)ccc32)c2ccccc21,0
NS(=O)(=O)Cc1noc2ccccc12,1
O=C(OCc1ccccc1)c1ccccc1,0
Nc1nc(N)c2nc(-c3ccccc3)c(N)nc2n1,1
Clc1ccccc1C(c1ccccc1)(c1ccccc1)n1ccnc1,1
O=C(OC1CC2CCC(C1)[N+]21CCCC1)C(O)(c1ccccc1)c1ccccc1,0
Fc1ccccc1C1=NCC(=S)N(CC(F)(F)F)c2ccc(Cl)cc21,1
O=C1CCC(N2C(=O)c3ccccc3C2=O)C(=O)N1,1
OC(Cn1cncn1)(Cn1cncn1)c1ccc(F)cc1F,1
Clc1ccc(C(Cn2ccnc2)OCc2ccsc2Cl)c(Cl)c1,0
O=C(Nc1ccc([N+](=O)[O-])cc1Cl)c1cc(Cl)ccc1O,1
NC(=O)c1cn(Cc2c(F)cccc2F)nn1,1
Nc1nnc(-c2cccc(Cl)c2Cl)c(N)n1,1
NS(=O)(=O)c1cc2c(cc1Cl)NC(C1CC3C=CC1C3)NS2(=O)=O,1
Oc1ncnc2[nH]ncc12,0
