smiles;Long-term
C=O;3
C(=N)(N)N.Cl;4
CCC1(C(=O)NC(=O)NC1=O)C2=CC=CC=C2;0
C1CNP(=O)(OC1)N(CCCl)CCCl;4
CC(C(=O)O)O;0
C1=CC(=CC=C1C(C2=CC=C(C=C2)Cl)C(Cl)(Cl)Cl)Cl;1
C1=CC(=C(C(=C1Cl)C(=O)O)Cl)Cl;2
C1=CC=C2C3=C4C(=CC2=C1)C=CC5=C4C(=CC=C5)C=C3;1
C1=NC2=C(N1)C(=S)N=CN2;3
CC(=O)OC1=CC=CC=C1C(=O)O;0
CCCCOCCOCCOCC1=CC2=C(C=C1CCC)OCO2;1
C1=C(C(=O)NC(=O)N1)F;0
C1=CC(=C(C=C1[N+](=O)[O-])[N+](=O)[O-])O;1
C1=C(C=C(C(=C1I)OC2=CC(=C(C(=C2)I)O)I)I)CC(C(=O)O)N;4
CCCC1=CC(=O)NC(=S)N1;4
CN1C2CCC1CC(C2)OC(=O)C(CO)C3=CC=CC=C3;4
CN(CCCl)CCCl;4
CCOC(=O)N;0
C1CN1P(=S)(N2CC2)N3CC3;4
C(C(CO)([N+](=O)[O-])Br)O;2
COP(=O)(C(C(Cl)(Cl)Cl)O)OC;1
C1CN(CCC1(C2=CC=C(C=C2)Cl)O)CCCC(=O)C3=CC=C(C=C3)F;4
C(C(C(=O)O)N)S;4
CC12CCC3C(C1CCC2=O)CCC4=C3C=CC(=C4)O;1
C1=CC=C(C(=C1)C(C2=CC=C(C=C2)Cl)C(Cl)Cl)Cl;4
C1=CC=C2C(=C1)C=CC3=CC4=C(C=CC5=CC=CC=C54)C=C32;4
CN1CCCC1C2=CN=CC=C2;2
CC[Hg]SC1=CC=CC=C1C(=O)[O-].[Na+];4
C1=CN=CC=C1C(=O)NN;3
CCN(CC)N=O;4
CC1=C(C=CC(=C1)OP(=S)(OC)OC)SC;1
C1=CC(=CC=C1NC(=NC(=NCCCCCCN=C(N)N=C(N)NC2=CC=C(C=C2)Cl)N)N)Cl;1
C(C(CO[N+](=O)[O-])O[N+](=O)[O-])O[N+](=O)[O-];1
C1=CC=C(C=C1)[Hg]O[N+](=O)[O-];4
CS(=O)(=O)OCCCCOS(=O)(=O)C;4
CC1=CC(=O)NC(=S)N1;4
C(CN)CNCCCN;4
C(Cl)(Cl)(Cl)Cl;2
CCCC[Sn](CCCC)(CCCC)O[Sn](CCCC)(CCCC)CCCC;1
CCCC[Sn](CCCC)(CCCC)OC(=O)C;1
CCOP(=S)(OCC)OC1=CC=C(C=C1)[N+](=O)[O-];1
CCC(=C(CC)C1=CC=C(C=C1)O)C2=CC=C(C=C2)O;2
C1=CC=C2C(=C1)C=CC3=CC4=CC=CC=C4C=C32;1
CCOP(=S)(OCC)OC1=CC2=C(C=C1)C(=C(C(=O)O2)Cl)C;1
C1=CC(=CC=C1C(C(CO)NC(=O)C(Cl)Cl)O)[N+](=O)[O-];1
C[N+](C)(C)CC1=CC=CC=C1.[Cl-];4
C=CCN=C=S;1
CCCCCCCCCCCCCCCC[N+](C)(C)C.[Br-];1
CN(C)N;2
C1CN2CC3=CCOC4CC(=O)N5C6C4C3CC2C61C7=CC=CC=C75;1
C1=CC=C(C=C1)C2(C(=O)NC(=O)N2)C3=CC=CC=C3;4
CC12CCN(C1N(C3=C2C=C(C=C3)OC(=O)NC)C)C;4
CC(CO)O;0
C1COC1=O;4
C1C2C(C(C1Cl)Cl)C3(C(=C(C2(C3(Cl)Cl)Cl)Cl)Cl)Cl;1
CC1C(C(C(O1)OC2C(C(C(C(C2O)O)N=C(N)N)O)N=C(N)N)OC3C(C(C(C(O3)CO)O)O)NC)(C=O)O;1
 CN1C=NC2=C1C(=O)N(C(=O)N2C)C;3
 CN1C2=C(C(=O)N(C1=O)C)NC=N2;0
 C1(C(C(C(C(C1Cl)Cl)Cl)Cl)Cl)Cl;1
 C1=C(C(=C(C(=C1Cl)Cl)Cl)O)Cl;1
 CC1=C(C=CC(=C1)O)Cl;1
 CC(=O)NC1=NN=C(S1)S(=O)(=O)N;4
 C1=CC=C(C=C1)NN.Cl;4
 C1COCCN1N=O;4
 C(CN(CC(=O)O)CC(=O)O)N(CC(=O)O)CC(=O)O;3
 C1=CC=C(C=C1)N=NC2=CC=C(C=C2)N;1
 CN(C)C1=CC=C(C=C1)N=NC2=CC=CC=C2;4
 C1=CC=C(C=C1)CCO;0
 C(CS)N;4
 C(CS)O;1
 CCOCC;0
 CNN;1
 CC(=O)N;0
 CNC(=O)CSP(=S)(OC)OC;1
 C1C2C3C(C1C4C2O4)C5(C(=C(C3(C5(Cl)Cl)Cl)Cl)Cl)Cl;1
 CC1=C(C(=CC=C1)NC2=CC=CC=C2C(=O)O)C;4
 CN(C)C1=CC2=C(C=C1)N=C3C=CC(=[N+](C)C)C=C3S2.[Cl-];3
 C1=NNC(=N1)N;2
 C1=CC(=CC=C1C(=O)O)[N+](=O)[O-];0
 CC(=O)O[Hg]C1=CC=CC=C1;1
 CCOC1=CC=C(C=C1)NC(=O)C;4
 CCOS(=O)(=O)C;4
 C1=CC=C(C=C1)N;1
 CC(=S)N;4
 C(=S)(N)N;2
 COP(=O)(OC)OC=C(Cl)Cl;1
 C(C(=O)[O-])F.[Na+];0
 CN(C)N=O;0
 C(=O)(C(=O)[O-])[O-].[Na+].[Na+];4
 CNC(=O)OC1=CC=CC2=CC=CC=C21;1
 CC(COC1=CC=CC=C1)N(CCCl)CC2=CC=CC=C2.Cl;4
 C(CN(CC(=O)[O-])CC(=O)[O-])N(CC(=O)[O-])CC(=O)[O-].[Na+].[Na+].[Na+].[Na+];0
 C1=CC=C(C=C1)CCN;4
 CCO;0
 C(=O)O;0
 CC(=O)O;0
 CCOS(=O)(=O)OCC;4
 C(C(=O)O)I;4
 CN1CCCC1C2=CN=CC=C2.CN1CCCC1C2=CN=CC=C2.OS(=O)(=O)O;3
 C1=CC=C(C(=C1)C(=O)N)O;0
 C1=CC=C(C=C1)C(=O)O;0
 C1=C(NC(=O)NC1=O)C(=O)O;4
 CCCCCC=O;3
 COS(=O)(=O)C;4
 C1CN2CC3=CCOC4CC(=O)N5C6C4C3CC2C61C7=CC=CC=C75.[N+](=O)(O)[O-];4
 C1=CC=C2C(=C1)C(=C(C(=O)O2)CC3=C(C4=CC=CC=C4OC3=O)O)O;2
 CC1CC(C(=O)C(C1)C(CC2CC(=O)NC(=O)C2)O)C;4
 CO;0
 CC(C)O;0
 CC(=O)C;0
 C(Cl)(Cl)Cl;1
 C(C(Cl)(Cl)Cl)(Cl)(Cl)Cl;1
 CC(C)CCCC(C)C1CCC2C1(CCCC2=CC=C3CC(CCC3=C)O)C;4
 C(C(=O)O)S;0
 CN(C)C=O;0
 C1=CC=C(C(=C1)C(=O)O)O;0
 CN(C(=N)N[N+](=O)[O-])N=O;4
 C1=C(C(=C(C(=C1Cl)Cl)CC2=C(C(=CC(=C2Cl)Cl)Cl)O)O)Cl;1
 C1=CC(=C(C=C1[N+](=O)[O-])[N+](=O)[O-])F;4
 CCCO;0
 CCCCO;0
 CCCCCO;0
 C1=CC=CC=C1;2
 CC(=O)[O-].CC(=O)[O-].[Co+2];4
 CC(Cl)(Cl)Cl;1
 C1C2C3C(C1C4C2O4)C5(C(=C(C3(C5(Cl)Cl)Cl)Cl)Cl)Cl;1
 COC1=CC=C(C=C1)C(C2=CC=C(C=C2)OC)C(Cl)(Cl)Cl;1
 C1=CC(=CC=C1C(C2=CC=C(C=C2)Cl)C(Cl)Cl)Cl;1
 C1=CC(=CC=C1C(=C(Cl)Cl)C2=CC=C(C=C2)Cl)Cl;1
 CC1=C(C=CC(=C1)C2=CC(=C(C=C2)N=NC3=C(C4=C(C=C(C=C4C=C3S(=O)(=O)[O-])S(=O)(=O)[O-])N)O)C)N=NC5=C(C6=C(C=C(C=C6C=C5S(=O)(=O)[O-])S(=O)(=O)[O-])N)O.[Na+].[Na+].[Na+].[Na+];4
 C1=CC(=CC=C1C(=O)O)Cl;4
 C1=CC=C(C=C1)NC2=CC=C(C=C2)NC3=CC=CC=C3;4
 C;4
 CBr;1
 CC;4
 C=C;3
 C#C;4
 CCl;0
 CI;4
 CN;0
 C#N;1
 CS;4
 C(Br)Br;3
 CCBr;4
 C(Cl)Br;4
 CCC;4
 CC#C;4
 CCCl;3
 C=CCl;0
 C=CF;4
 CCN;0
CC#N;0
 CC=O;0
 CCS;1
 C(Cl)Cl;3
 C(F)F;0
 C(I)I;4
 C(=O)N;0
 C(=S)=S;2
 CSC;0
 C1CC1;4
 C1CO1;0
 C(Br)(Br)Br;3
 CC(C)Br;0
 C(Cl)(Cl)Br;2
 CC(C)C;4
 CC(C)Cl;4
 CC(C)N;0
 CC(Cl)Cl;2
 C=C(Cl)Cl;3
 CC(=O)Cl;3
 CC(F)F;0
 C=C(F)F;4
 C(F)(Cl)Cl;4
 C(=O)(Cl)Cl;4
 C(F)(F)Cl;0
 C(F)(F)F;4
 C(I)(I)I;2
 CN(C)C;0
 C[N+](=O)[O-];0
 C[Si](Cl)Cl;4
 CC1CN1;4
 CC1CO1;0
 C[N+](C)(C)C.[Cl-];0
 C[N+](C)(C)C.[OH-];4
 C(F)(F)(Br)Br;4
 C(F)(F)(F)Br;0
 CC(C)(C)N;3
 CC(C)(C)O;0
 CC(C)(C)S;4
 CC(F)(F)Cl;3
 C(F)(Cl)(Cl)Cl;4
 C(F)(F)(Cl)Cl;4
 C(F)(F)(F)Cl;4
 C(F)(F)(F)F;4
 C[Pb](C)(C)C;1
 CS(=O)(=O)O;0
 C[Si](C)(C)C;4
 C[Si](C)(C)Cl;4
 C[Si](C)(Cl)Cl;4
 C[Si](Cl)(Cl)Cl;4
 CCC(C)(C)O;0
 CC(C)(C#N)O;1
 C(=O)C(Cl)(Cl)Cl;0
 C(C(F)(F)F)Cl;4
 C(C(F)(F)F)O;0
 CC(C)(C)OO;2
 C=C[Si](Cl)(Cl)Cl;4
 CC(=O)C(C)(C)C;3
CC(C)(C)C(=O)O;0
 CC(C(=O)O)(Cl)Cl;0
 C(C(Cl)(Cl)Cl)(Cl)Cl;2
 C(=O)(C(Cl)(Cl)Cl)O;4
 C(=O)(C(F)(F)F)O;4
 C([N+](=O)[O-])(Cl)(Cl)Cl;1
 C(C(F)(Cl)Cl)(F)(Cl)Cl;4
 C(C(F)(Cl)Cl)(F)(F)Cl;2
 C(C(F)(F)Cl)(F)(F)Cl;4
 C(C(F)(F)Cl)(F)(F)F;4
 C(C(F)(F)F)(F)(F)F;4
 C(C(F)(F)F)(C(F)(F)F)(F)F;4
 CCC(C)(S(=O)(=O)CC)S(=O)(=O)CC;4
 CC1(C2CCC1(C(=O)C2)C)C;0
 C1=CC(C2C1C3(C(=C(C2(C3(Cl)Cl)Cl)Cl)Cl)Cl)Cl;1
 C1=CC=C(C=C1)[Sn](C2=CC=CC=C2)C3=CC=CC=C3.O;1
 C1=CC=C(C=C1)C(C2=CC=CC=C2)(C(=O)O)O;4
 C1=CC=C2C(=C1)C(=O)OC2(C3=CC=C(C=C3)O)C4=CC=C(C=C4)O;4
 C1(=C(C(C(=C1Cl)Cl)(Cl)Cl)Cl)Cl;1
 CCCCCCCCCCCC(=O)O[Sn](CCCC)(CCCC)OC(=O)CCCCCCCCCCC;1
 C1C=CC2C1C3CC2C=C3;2
 C=CS(=O)(=O)C=C;4
 COS(=O)(=O)OC;0
 CC[Pb](CC)(CC)CC;1
 CCCC[Sn]1(OC(=O)C=CC(=O)O1)CCCC;1
 CCO[Si](OCC)(OCC)OCC;0
 C(C(CO[N+](=O)[O-])(CO[N+](=O)[O-])CO[N+](=O)[O-])O[N+](=O)[O-];4
 CC1=CC=CC=C1OP(=O)(OC2=CC=CC=C2C)OC3=CC=CC=C3C;4
 CC1=CC=C(C=C1)OP(=O)(OC2=CC=C(C=C2)C)OC3=CC=C(C=C3)C;1
 CCOP(=S)(OCC)SC1C(OCCO1)SP(=S)(OCC)OCC;1
 CCOP(=O)(OCC)OCC;0
 CCCCC(CC)COP(=O)(OCC(CC)CCCC)OCC(CC)CCCC;1
 CCCCSP(=O)(SCCCC)SCCCC;1
 COP(=S)(OC)SCC1=NC(=NC(=N1)N)N;4
 CC1=CC(=O)CC(C1)(C)C;0
 CCO[Si](C)(C)OCC;2
 CC(C)(C)OOC(C)(C)CCC(C)(C)OOC(C)(C)C;4
 CC(C)(C#N)N=NC(C)(C)C#N;0
 CCC(C)(CCCC(C)C)O;0
 CC(=CCCC(C)(C=C)O)C;0
 CCC(C)Br;4
 CC(C)CBr;4
 CCC(C)C;0
 CC(=C)C=C;2
 CC(C)CN;4
 CC(C)C#N;4
 CC(C)CO;0
 CC(C)C=O;0
 CC(=C)C=O;4
 CC(CCl)Cl;3
 C=C(CCl)Cl;4
 CC(CO)Cl;4
 CC(CN)N;0
 CCC(C)O;0
 CCC(=O)C;0
 CC(=O)C=C;1
 CC(=O)CCl;4
 CC(CN)O;0
 CC(C#N)O;0
 C(C(Cl)Cl)Cl;0
 C(=C(Cl)Cl)Cl;0
 CCC(=O)Cl;4
 C(C(=O)Cl)Cl;4
 C=CC(=O)N;0
 C(C(=O)N)Cl;4
 C(C(=O)O)Br;2
 CCC(=O)O;0
 C=CC(=O)O;2
 C(C(=O)O)Cl;1
 C(C(=O)O)O;0
 CC(=O)NC;4
 C(=S)(N)NN;3
 CC(=O)OC;0
 CC(=O)OO;2
 COC(=O)Cl;4
 CC[N+](=O)[O-];2
 C(C(Br)Br)(Br)Br;4
 CC(C)C(=O)O;3
 CC(C(=O)O)O;0
 C(C(Cl)Cl)(Cl)Cl;0
C(C(=O)Cl)(Cl)Cl;4
 C(=C(F)Cl)(F)F;4
 CC(=C)C(=O)N;0
 CC(=C)C(=O)O;0
 C(C(=O)O)(Cl)Cl;0
 CN(C)C(=O)Cl;0
 CC(C)[N+](=O)[O-];0
 C(=C(F)F)(C(F)(F)Cl)F;4
 CC1(C2C(C3C(C(=O)C(=C(C3(C(=O)C2=C(C4=C1C=CC=C4O)O)O)O)C(=O)N)N(C)C)O)O;1
 CCC(C)(C)C1=CC(=C(C=C1O)C(C)(C)CC)O;4
 CC1=C(C(CCC1)(C)C)C=CC(=O)C;2
 CC1(C2CCC(C2)C1=C)C;2
 CC(C)(C1=CC(=C(C(=C1)Br)O)Br)C2=CC(=C(C(=C2)Br)O)Br;1
 CC(C)(C1=CC=C(C=C1)O)C2=CC=C(C=C2)O;2
 C1=CC(=CC=C1N)S(=O)(=O)C2=CC=C(C=C2)N;4
 C1=CC=C(C=C1)[Si](C2=CC=CC=C2)(Cl)Cl;4
 CC(C)(C1=CC=CC=C1)OO;2
 CC1=CCC(CC1)C(C)(C)OC(=O)C;3
 C1=CC=C(C=C1)S(=O)(=O)OC2=CC=C(C=C2)Cl;2
 CC(C)(C1=CC=CC=C1)OOC(C)(C)C2=CC=CC=C2;1
 CCC(C)(C)C1=CC=C(C=C1)O;1
 CC1=CC=C(C=C1)S(=O)(=O)OC;4
 C1=CC(=CC=C1OC2=CC=C(C=C2)S(=O)(=O)NN)S(=O)(=O)NN;1
 CC(CC1=CC=C(C=C1)C(C)(C)C)C=O;4
 CC1=CCC2CC1C2(C)C;1
 CC(=C)C(=O)OC;0
 CC1=C(C(=C(C(=C1[N+](=O)[O-])C(C)(C)C)[N+](=O)[O-])C)C(=O)C;1
 CC1=C(C(=C(C(=C1[N+](=O)[O-])C(C)(C)C)[N+](=O)[O-])C)[N+](=O)[O-];2
 C1=CC=C2C(=C1)C(=O)C3=C(C=CC(=C3C2=O)O)O;1
 CC(=O)CC(C1=CC=CC=C1)C2=C(C3=CC=CC=C3OC2=O)O;4
 CC(=O)CC(C1=CC=C(C=C1)Cl)C2=C(C3=CC=CC=C3OC2=O)O;4
 CCN(CC)C1=CC2=C(C=C1)C(=C3C=CC(=[N+](CC)CC)C=C3O2)C4=CC=CC=C4C(=O)O.[Cl-];3
 C1=CC=C2C(=C1)C(=O)C3=C(C2=O)C(=CC=C3)N;1
 C1=CC=C(C=C1)C(C2=CC=CC=C2)C(=O)C3C(=O)C4=CC=CC=C4C3=O;1
 C1(=C(C(=C(C(=C1Cl)Cl)Cl)Cl)Cl)[N+](=O)[O-];1
 C1=C(C(=C(C(=C1[N+](=O)[O-])O)[N+](=O)[O-])O)[N+](=O)[O-];3
 CC(C)(C)C(=O)C1C(=O)C2=CC=CC=C2C1=O;1
 C1CC2=CC=CC3=C2C1=CC=C3;1
 CN1C=NC2=C1C(=O)NC(=O)N2C;4
 CC(=C)C1CC2=C(O1)C=CC3=C2OC4COC5=CC(=C(C=C5C4C3=O)OC)OC;1
 C1=CC=C(C=C1)C2=CC=CC=C2C3=CC=CC=C3;1
 C1CCC(CC1)OC(=O)C2=CC=CC=C2C(=O)OC3CCCCC3;0
 C1=CC=C2C(=C1)C(=O)C3=CC=CC=C3C2=O;1
 CCOC(=O)C1=CC=CC=C1C(=O)OCC;0
 CC(C)COC(=O)C1=CC=CC=C1C(=O)OCC(C)C;3
 CCCCOC(=O)C1=CC=CC=C1C(=O)OCCCC;2
 C1C[N+]2=CC=CC=C2C3=CC=CC=[N+]31.[Br-].[Br-];1
 C1=CC=C2C(=C1)C=CC3=CC=CC=C32;1
 C1=CC=C2C(=C1)C=CC3=C2C=CC=N3;0
 C1CCC2C(C1)C(=O)OC2=O;4
 C1C=CCC2C1C(=O)OC2=O;4
 C1=CC=C2C(=C1)C(=O)OC2=O;0
 CCCCOC(=O)C1=CC=CC=C1C(=O)OCC2=CC=CC=C2;2
 C1=CC=C(C=C1)N(C2=CC=CC=C2)N=O;1
 COP(=S)(OC)SCN1C(=O)C2=CC=CC=C2N=N1;1
 C1=CC=C2C(=C1)C=NN=C2NN;4
 C1C2=CC=CC=C2C3=CC=CC=C31;1
 C1=CC=C2C(=C1)C3=CC=CC=C3N2;1
 C1=CC=C2C(=C1)C=CC=C2NC(=S)N;4
 C1=CC2=C(C=C(C=C2C=C1N)S(=O)(=O)O)O;4
 C1=C(C=C(C2=C1N=NO2)[N+](=O)[O-])[N+](=O)[O-];4
 C1C(C2C(O1)C(CO2)O[N+](=O)[O-])O[N+](=O)[O-];4
 C(=O)C(=C(C(=O)O)Cl)Cl;3
 CC1=C(C(=CC=C1)N)C;1
 C1=CC(=C(C(=C1)Cl)Cl)Cl;1
CC1=C(C(=CC=C1)C)N;0
 C1=CC(=C(C(=C1)Cl)O)Cl;2
 C1=CC(=C(C(=C1)O)O)O;4
 C(=C(Cl)Cl)(C(=C(Cl)Cl)Cl)Cl;1
 C1(=C(C(=C(C(=C1Cl)Cl)Cl)Cl)Cl)O;1
 C1(=O)N(C(=O)N(C(=O)N1Cl)Cl)Cl;1
 CC1=CC(=C(C(=C1)C)N)C;4
 C1=C(C=C(C(=C1Cl)O)Cl)Cl;0
 CCC(CC)C(=O)O;0
 C=CN1CCCC1=O;3
 CC(C)(C)C1=CC=CC=C1O;1
 CC(=O)OC1CCCCC1C(C)(C)C;4
 CC1=CC(=C(C=C1Cl)S(=O)(=O)O)N;0
 CC1=CC(=C(C=C1)C(C)(C)C)O;2
 CC1=CC=CC=C1[N+](=O)[O-];2
 C1=CC=C(C(=C1)[N+](=O)[O-])Cl;3
 C1=CC=C(C(=C1)N)[N+](=O)[O-];0
 C1=CC=C(C(=C1)[N+](=O)[O-])O;2
 CCC(C)C1=C(C(=CC(=C1)[N+](=O)[O-])[N+](=O)[O-])O;1
 C1=C(C=C(C(=C1[N+](=O)[O-])Cl)[N+](=O)[O-])[N+](=O)[O-];4
 C1=C(C=C(C(=C1[N+](=O)[O-])O)[N+](=O)[O-])[N+](=O)[O-];0
 C1=C(C(=CC(=C1C(=O)O)C(=O)O)C(=O)O)C(=O)O;4
 C1=C2C(=CC3=C1C(=O)OC3=O)C(=O)OC2=O;0
 C1=CC(=C(C=C1Cl)[N+](=O)[O-])Cl;1
 C1=CC(=C(C=C1Cl)[N+](=O)[O-])N;2
 CCC(C)C1=CC=CC=C1O;2
 CC1=CC(=C(C=C1)C(C)C)O;2
 C1=CC=C(C(=C1)C=O)Cl;2
 CCC1=CC=CC=C1O;4
 C1=CC=C(C(=C1)C=O)O;3
 COC1=CC=CC=C1N;2
 COC1=CC=CC=C1O;3
 CC1=CC=CC2=CC=CC=C12;2
 C1=CC=C2C(=C1)C=CC=C2Cl;1
 C1=CC=C2C(=C1)C=CC=C2O;0
 C1=CC=C(C=C1)NC2=CC=CC3=CC=CC=C32;1
 C1=CC=C(C=C1)C2=CC=CC=C2N;4
 C1=CC=C(C=C1)C2=CC=CC=C2O;0
 CN(C)CC1=CC(=C(C(=C1)CN(C)C)O)CN(C)C;4
 CN(C)C1=CC=C(C=C1)C(=O)C2=CC=C(C=C2)N(C)C;4
 CC1=C(C=CC=C1N=C=O)N=C=O;4
 C=CC1=CC=CC=C1C=C;4
 C1=CC=C(C(=C1)C#N)C#N;3
 COC1=CC=CC=C1OC;4
C1CCC2CCCCC2C1;4
 C1=CC=C2C=CC=CC2=C1;1
 C1=CC=C2C(=C1)C=CC=N2;1
 COC1=CC=CC=C1[N+](=O)[O-];3
 CCOC1=CC2=C(C=C1)NC(C=C2C)(C)C;1
 CC1=CC2=CC=CC=C2C=C1;2
 C1=CC=C2C=C(C=CC2=C1)N;1
 C1=CC=C2C=C(C=CC2=C1)S;4
 C1=CC=C2C(=C1)C=CC(=O)O2;0
 CCN(CC)C1=CC=CC=C1;2
 C1=CC=C(C=C1)C2=NC(=NC(=N2)N)N;3
 C1=CC(=C(C=C1C2=CC(=C(C=C2)N)Cl)Cl)N;1
 CC1=C(C=CC(=C1)C2=CC(=C(C=C2)N=C=O)C)N=C=O;4
 CCC1C(COC1=O)CC2=CN=CN2C;4
 CC(=O)CC(=O)NC1=CC=CC=C1OC;4
 C1=CC=C(C=C1)C2=CC=CC=C2;0
 C1=CC=C(C=C1)C2=CC=C(C=C2)N;4
 C1=CC=C2C=C(C(=CC2=C1)C(=O)O)O;3
 C1=CC=C2C(=C1)NC3=CC=CC=C3S2;1
 C1=CC(=CC=C1C2=CC=C(C=C2)N)N;2
 C1=CC(=CC=C1C2=CC=C(C=C2)O)O;2
 C1=CC=C(C=C1)C2=CC=C(C=C2)[N+](=O)[O-];4
 CCN(CC)C1=CC=C(C=C1)N;4
 COC1=C(C=C(C=C1)CC=C)OC;0
 COC1=C(C=CC(=C1)Cl)N;4
 CCC(=O)C1=CC=CC=C1;4
 COC(=O)C1=CC=CC=C1;4
 CC1=C(C=CC(=C1)Cl)OC(C)C(=O)O;4
 CC1=CC=CC=C1NC(=O)CC(=O)C;0
 CC(C(=O)O)OC1=CC(=C(C=C1Cl)Cl)Cl;4
 C1=C(C(=CC(=C1Cl)Cl)Cl)OCC(=O)O;1
 CCCCCCCCC=CCCCCCCCC(=O)N(CCO)CCO;1
 CCOC(=O)C1=CC=C(C=C1)N;3
 CCCOC(=O)C1=CC=C(C=C1)O;2
 C1=CC=C(C=C1)C(=O)OOC(=O)C2=CC=CC=C2;0
 CCCC1=CC2=C(C=C1)OCO2;4
 C=CCC1=CC2=C(C=C1)OCO2;4
 CCNC1=CC=CC=C1C;3
 CC1=C(C=CC(=C1)Cl)OCC(=O)O;2
 C1=CC(=C(C=C1Cl)Cl)OCC(=O)O;3
 CC1=C(C=CC(=C1)Cl)OCCCC(=O)O;2
CCCC(C(CC)CO)O;0
 CCN(CC)C(=S)SCC(=C)Cl;4
 C1C=CC2=CC=CC=C21;4
 C1=CC2=NNN=C2C=C1;4
 C1=CC=C2C(=C1)N=CS2;3
 CC(C)(C)NSC1=NC2=CC=CC=C2S1;1
 C1COCCN1SSC2=NC3=CC=CC=C3S2;1
 C1CCC(CC1)NSC2=NC3=CC=CC=C3S2;1
 CC1=CC=CC=C1Br;4
 CC1=CC=CC=C1C;2
 CC1=CC=CC=C1O;0
 CC1=CC=CC=C1Cl;1
 C1=CC=C(C(=C1)Cl)Cl;1
 C1=CC=C(C(=C1)N)Cl;1
 CC1=CC=CC=C1N;1
 C1=CC=C(C(=C1)N)N;1
 C1=CC=C(C(=C1)N)O;1
 C1=CC=C(C(=C1)O)Br;1
 C1=CC=C(C(=C1)O)Cl;2
 CC1=CC(=C(C=C1)C)C;2
 CC1=C(C=C(C=C1)N)C;2
 CC1=C(C=C(C=C1)O)C;3
 CC1=CC(=C(C=C1)N)C;2
 CC1=C(C=CC(=C1)Cl)N;4
 CC1=C(C=CC(=C1)N)N;1
 CC1=C(C=C(C=C1)Cl)Cl;2
 CC1=CC(=C(C=C1)Cl)Cl;2
 C1=CC(=C(C=C1N)Cl)Cl;1
 C1=CC(=C(C=C1O)Cl)Cl;2
 CC1=CC(=C(C=C1)C)N;1
 CC1=C(C=C(C=C1)N)N;1
 C1=CC(=C(C=C1Cl)N)Cl;1
 C1=CC(=C(C=C1Cl)N)N;4
 C1=CC(=C(C=C1Cl)N)O;4
 CC1=CC(=C(C=C1)C)O;2
 CCOC(=O)C(=O)OCC;0
 C1=C(C(=CC(=C1Cl)Cl)Cl)Cl;1
 C1=C(C(=CC(=C1Cl)Cl)Cl)O;1
 CC(=C)C(=O)OCC=C;0
 C1C(O1)C2=CC=CC=C2;3
 C(C(CBr)Br)Cl;3
 C(C(CBr)Br)O;3
 CCC(C)C=O;2
 C(C(CCl)Cl)Cl;0
 CCC(=O)CC;0
 C(C(CCl)O)Cl;0
 C(C(CCl)O)O;4
 CCC(=NO)C;3
 CNC(=O)NC;0
 COC(=O)C=C;2
 COC(=O)CCl;2
 C1CCC(C1)O;0
 C1CNC(=S)N1;0
 C1CC(=O)OC1;0
 CC1=CC(=C(C=C1SC2=CC(=C(C=C2C)O)C(C)(C)C)C(C)(C)C)O;4
 CC(C)(C)C1=CC(=C(C=C1)O)C(C)(C)C;1
 C1=C(C=C(C(=C1N)O)[N+](=O)[O-])[N+](=O)[O-];3
 COC1=CC(=C(C=C1)N)[N+](=O)[O-];2
 C1=CC(=C(C=C1[N+](=O)[O-])[N+](=O)[O-])Cl;1
 C1=CC(=C(C=C1[N+](=O)[O-])[N+](=O)[O-])N;2
 CCOP(=S)(OCC)OC1=C(C=C(C=C1)Cl)Cl;1
 C1=CC(=C(C=C1Cl)CC2=C(C=CC(=C2)Cl)O)O;1
 CC1=CC(=C(C=C1)NC(=O)CC(=O)C)C;0
 CC1=CC=CC=C1NC(=NC2=CC=CC=C2C)N;0
 COC1=C(C=CC(=C1)[N+](=O)[O-])N;4
 COC1=C(C=CC(=C1)CC=C)O;3
 CC=CC1=CC(=C(C=C1)O)OC;4
 CC1=CC=CC=C1N=NC2=CC(=C(C=C2)N)C;4
 CCOC(=O)C(C)C;4
 CCOC(=O)C(=C)C;0
 CCOC(=O)C(C)O;0
 C=C(CC(=O)O)C(=O)O;0
 CC(C)C(=O)OC(=O)C(C)C;0
 CN(C)C(=S)SC(=S)N(C)C;1
 CCN(CC)C(=S)SSC(=S)N(CC)CC;4
 CC(C)COC(=O)C(C)C;3
 CC(C)COC(=O)C(=C)C;0
 CCCCOC(=O)C(=C)C;0
 CC(=C)C(=O)OCCOC(=O)C(=C)C;4
 CC[Al](CC)CC;4
 B(CC)(CC)CC;4
 C1CC(OC1)CO;0
 C1=COC(=C1)CO;4
 C1=COC(=C1)C=O;0
 C1=COC(=C1)CS;4
 CC(C)(C)C1=CC=CC=C1;4
 C1=CC=C(C=C1)C(Cl)(Cl)Cl;0
 C1=CC=C(C=C1)C(F)(F)F;2
 C1=CC=C(C=C1)S(=O)(=O)Cl;4
 C1=CC=C(C=C1)S(=O)(=O)N;4
 C1=CC=C(C=C1)S(=O)(=O)O;4
 C1=CC=C(C=C1)[Si](Cl)(Cl)Cl;4
 CC(C)(C)C1=CC(=C(C=C1)O)O;4
 CC1=CC=C(C=C1)C(C)(C)C;2
 CC(C)(C)C1=CC=C(C=C1)O;2
 C1=CC(=CC=C1C(F)(F)F)Cl;4
 C1=CC(=CC=C1O)S(=O)(=O)O;4
 CC(C)(C)C1=CC=C(C=C1)C(=O)O;4
 CC(C)C1=CC=CC=C1;2
 CC(=C)C1=CC=CC=C1;2
CC(C1=CC=CC=C1)N;4
 CC(=O)C1=CC=CC=C1;0
 C1=CC=C(C=C1)C(Cl)Cl;0
 C1=CC=C(C=C1)C(=O)Cl;1
 CN(C)C1CCCCC1;2
 C1=CC=C(C=C1)[N+](=O)[O-];3
 CC1=CC(=CC=C1)[N+](=O)[O-];2
 C1=CC(=CC(=C1)[N+](=O)[O-])N;2
 C1=C(C=C(C=C1[N+](=O)[O-])[N+](=O)[O-])[N+](=O)[O-];1
 CC1=C(C=CC(=C1)[N+](=O)[O-])N;3
 C1=CC(=C(C=C1[N+](=O)[O-])Cl)Cl;2
 CC1=C(C=C(C=C1)[N+](=O)[O-])N;4
 CC(C)C1=CC(=CC=C1)C(C)C;4
 C1=CC(=CC(=C1)C(=O)Cl)C(=O)Cl;4
 C1=CC(=CC(=C1)[N+](=O)[O-])[N+](=O)[O-];1
 CCCC(CCC)C(=O)O;4
 CCC(C)C1=CC=C(C=C1)O;2
 COC(=O)C1=CC=C(C=C1)O;2
 CC1CCC(CC1)C(C)C;2
 CC1=CC=C(C=C1)C(C)C;3
 CC(C)C1=CC=C(C=C1)N;1
 CC(=O)C1=CC=C(C=C1)Cl;4
 CC1=CC=C(C=C1)N(C)C;3
 CC1=CC=C(C=C1)[N+](=O)[O-];2
 C1=CC(=CC=C1[N+](=O)[O-])Cl;2
 C1=CC(=CC=C1N)[N+](=O)[O-];2
C1=CC(=CC=C1[N+](=O)[O-])O;2
 C1=CC(=CC=C1CCl)[N+](=O)[O-];1
 C1=CC(=CC=C1NN)[N+](=O)[O-];4
 COC1=CC=C(C=C1)[N+](=O)[O-];0
 CC(C)C1=CC=C(C=C1)C(C)C;4
 C1=CC(=CC=C1C(=O)Cl)C(=O)Cl;0
 C1=CC(=CC=C1C(=O)O)C(=O)O;0
 C1=CC(=CC=C1[N+](=O)[O-])[N+](=O)[O-];1
 CCN(CC)CCN;4
 CCN(CC)CCO;0
 C1=CC=C(C=C1)CBr;4
 C=CC1CCC=CC1;2
 CCC1=CC=CC=C1;2
 C=CC1=CC=CC=C1;2
 C=CC1=CC=NC=C1;1
 C1=CC=C(C=C1)CCl;0
 C1=CC=C(C=C1)CN;0
 C1=CC=C(C=C1)C#N;0
 C1=CC=C(C=C1)CO;0
 C1=CC=C(C=C1)C=O;3
 C1=CC=C(C=C1)CS;1
 C1=CC(=CN=C1)C#N;4
 CNC1=CC=CC=C1;2
 C1=CC=C(C=C1)NN;1
 COC1=CC=CC=C1;3
 CSC1=CC=CC=C1;2
 C=CC1=CC=CC=N1;2
 C1=CC=NC(=C1)C#N;0
 CCN1CCOCC1;0
 C1CCN(CC1)N=O;4
 CC(C)(CC1=CC=CC=C1)O;4
 C1N2CN3CN1CN(C2)C3;0
C1=CC=C(C=C1)OP(OC2=CC=CC=C2)OC3=CC=CC=C3;4
 C1=CC=C(C(=C1)NC2=NC(=NC(=N2)Cl)Cl)Cl;1
 C1=CC(=C(C=C1CC2=CC(=C(C=C2)N)Cl)Cl)N;1
 CC(C)OC(=O)NC1=CC(=CC=C1)Cl;2
 C1N2CN(CN1CN(C2)N=O)N=O;4
 C1=CC(=CC(=C1)Cl)NC(=O)OCC#CCCl;1
 C=CCOC1=NC(=NC(=N1)OCC=C)OCC=C;4
 CC(=C)C(=O)OC1CCCCC1;4
 C1=CC=C(C=C1)NC2=CC=C(C=C2)N;1
 CN(C)C1=CC=C(C=C1)CC2=CC=C(C=C2)N(C)C;4
 C1=CC(=CC=C1CC2=CC=C(C=C2)N=C=O)N=C=O;4
 CC(C)NC1=CC=C(C=C1)NC2=CC=CC=C2;1
 C1=CC(=CC=C1CC2=CC=C(C=C2)N)N;1
 C1=CC(=CC=C1N)OC2=CC=C(C=C2)N;1
 C1CCC(CC1)NC2CCCCC2;2
 C1=CC=C(C=C1)OC2=CC=CC=C2;2
 CCCCCCC(=CC1=CC=CC=C1)C=O;4
 C1C(O1)COC2=CC(=CC=C2)OCC3CO3;4
 C1=CC=C(C=C1)NC(=NC2=CC=CC=C2)N;2
 C1=CC=C(C=C1)NC(=S)NC2=CC=CC=C2;3
 C1=CC=C(C=C1)OC(=O)OC2=CC=CC=C2;2
 CCNC1=CC=CC(=C1)C;3
 C1=CC(=C(C=C1N=C=O)Cl)Cl;4
 CCCN(CCC)CCC;3
 C=CCN(CC=C)CC=C;4
 C(CO)N(CCO)CCO;0
 C1COCCN1SC2=NC3=CC=CC=C3S2;2
 CCCCN(CCCC)CCO;3
 CCCCN(CCCC)CCCC;2
 CCCCC(CC)COC(=O)C=C;2
 C1=CC=C(C=C1)COC2=CC=C(C=C2)O;4
 CCCCC(CC)COC(=O)CCCCC(=O)OCC(CC)CCCC;1
 CCCCC(CC)COC(=O)CCCCCCCC(=O)OCC(CC)CCCC;0
 C1=CC=C(C=C1)N=NC2=CC=CC=C2;1
 CCCCC(CC)COC=C;4
 C1=CC=C(C=C1)COCC2=CC=CC=C2;1
 CC(C)C(=O)OCCOC1=CC=CC=C1;3
 C1=CC=C(C=C1)CCBr;4
 C1=CC=C(C=C1)C=CBr;4
 CCCC1=CC=CC=C1;2
 CCNC1=CC=CC=C1;2
 C1=CC=C(C=C1)N=C=O;4
 CCOC1=CC=CC=C1;4
 CN(C)CC1=CC=CC=C1;3
 CC(=O)NC1=CC=CC=C1;0
 CC(=O)NC1=CC=C(C=C1)O;2
 CC(C)C1=CC=C(C=C1)CC(C)C=O;2
 CC1=CC=C(C=C1)S(=O)(=O)O;4
 CCCCCCCCCC1=CC=C(C=C1)O;1
 CCCCC1=CC=CC=C1;1
 CCCCCCCC1CCC(=O)O1;4
 CCCCC(CC)CN;3
 CCCCC(CC)CO;0
 CCN(CC)CCCN;4
 CC1=CC=C(C=C1)CCl;4
 C1=CC(=CC=C1CCl)Cl;2
 CC1=CC=C(C=C1)C=O;4
 C1=CC(=CC=C1C=O)Cl;2
 CCC1=CN=C(C=C1)C;3
 COC1=CC=C(C=C1)N;3
 CCC1=CC=C(C=C1)CC;2
 C=CC1=CC=C(C=C1)C=C;4
 C1=CC(=CC=C1NO)N=O;4
 CCN(CC)CCOC(=O)C(=C)C;0
 CCOC(=O)CBr;4
 CCC(=O)OCC;3
 CCC(=O)OC=C;0
 CCOC(=O)CCl;4
 CC(=O)CC(=O)OC;0
 CCC(C)OC(=O)C;4
 CC(C)OC(=O)CCl;4
 CCOC(=O)CC(=O)OCC;0
 CCCC(=O)OCC;0
CCNC(=S)NCC;0
CCOC(C)OCC;4
 CCOC(=O)OCC;4
 CN(CCO)CCO;3
 C1CCC(=O)NCC1;0
 CC(C)OC(=O)OOC(=O)OC(C)C;4
 CC1=CC(=C(C=C1)O)C;3
 CCCCCCCCCCCC(=O)OOC(=O)CCCCCCCCCCC;4
 CC(=CCCC(=CCOC(=O)C)C)C;2
 C1CCCCCC(=O)OCCOC(=O)CCCCC1;4
CCCCOC(=O)CCCCC(=O)OCCCC;2
 C1CCCCCCCOC(=O)CCCCCC1;4
 CCCCC(CC)CNCC(CC)CCCC;4
 CC(CCC=C(C)C)CC=O;4
 CC(=CCCC(=CCO)C)C;0
 CCCC(=O)OCCC(C)C;4
 CCCC(=O)OC(=O)CCC;0
 CCCCC(=O)CC;4
 C1=CC(=CC=C1Br)Br;1
 C1=CC(=CC=C1O)Br;2
 CC1=CC=C(C=C1)C;2
 CC1=CC=C(C=C1)Cl;2
 CC1=CC=C(C=C1)O;3
 C1=CC(=CC=C1Cl)Cl;1
 C1=CC(=CC=C1N)Cl;1
 C1=CC(=CC=C1O)Cl;2
 CC1=CC=C(C=C1)N;1
 C1=CC(=CC=C1N)N;1
 C1=CC(=O)C=CC1=O;1
 CC(C)COC(=O)C=C;0
 COC(=O)CCC(=O)OC;0
 CCCCCC(=O)CC;4
 CCOCCOC(=O)C=C;4
 C(COC(=O)Cl)OCCOC(=O)Cl;4
 C1CC2C(O2)CC1C3CO3;4
 C1C(O1)CCl;0
 C=CC(=O)OCC1CO1;4
 CC(=C)C(=O)OCC1CO1;3
 C=CCOCC1CO1;3
 C(CBr)Br;2
 CCCBr;3
 C=CCBr;4
 C#CCBr;4
 CCCC;4
 CCC=C;4
 C=CC=C;4
 CC=CC;4
C=CC=O;1
 CCCS;1
 C(CBr)Cl;4
 C=CCCl;0
 C(CCl)Cl;0
 C(CCl)O;0
 CCCN;0
 C=CCN;0
 CCC#N;0
 C=CC#N;2
 C(C#N)Cl;2
 C(CN)N;3
 C(C#N)O;4
 C=CCO;3
 C#CCO;0
 C(C=O)Cl;2
 C(CO)O;0
 C(=O)C=O;0
 COC=C;4
 COCCl;4
 COC=O;0
 CC(=C)CC(C)(C)C;4
 CC(=CC(C)(C)C)C;4
 CC(CC(C)(C)O)O;0
 C[Si](C)(C)O[Si](C)(C)C;1
 CCOP(=O)(OCC)OP(=O)(OCC)OCC;1
 CCCCCCCCCCCCCCCCCC[N+](C)(C)CCCCCCCCCCCCCCCCCC.[Cl-];1
 CCCCOP(=O)(O)OCCCC;0
 CC(=O)CC(C)(C)OC;4
 CC(=O)OOC(C)(C)C;4
 CC(C)CCBr;4
 CCCC(C)C;4
 CC(=CC=O)C;3
 CCCC(=O)C;0
 CCCC(=O)O;0
 C(CCl)C(=O)O;3
 C(CS)C(=O)O;4
 CC(COC)O;0
 CN(C)CCO;0
 CCC[N+](=O)[O-];0
 CC(=O)OC=C;3
 CC(C)CC(=O)C;0
 CC(C)CC(C)O;0
 CC(C)NC(C)C;1
 CC(C)OC(C)C;3
 CC(C)OC(=O)C;0
 CC(C)OC(=O)Cl;4
 CC(=O)OC(=O)C;0
 C1CC(=O)OC1=O;0
 C1=CC(=O)OC1=O;3
 CC1COC(=O)O1;0
 CC1=CC(=CC=C1)C;3
 CC1=CC(=CC=C1)O;0
 CC1=CC(=CC=C1)Cl;4
 C1=CC(=CC(=C1)Cl)N;1
 C1=CC(=CC(=C1)Cl)O;2
 CC1=CC(=CC=C1)N;1
 C1=CC(=CC(=C1)N)N;1
 C1=CC(=CC(=C1)O)O;0
 CC1=NC(=CC=C1)C;4
 C=CC1=CC(=CC=C1)C=C;4
 CC(CCl)OC(C)CCl;4
 CC1OC(OC(OC(O1)C)C)C;0
 CC(COC)OC(=O)C;0
 CC1=CC(=CC(=C1)C)C;2
 CC1=CC(=CC(=C1)O)C;3
 CC1=CC(=CC(=C1)N)C;1
 C1=C(C=C(C=C1Cl)Cl)Cl;2
 CC1=CC(=NC(=C1)C)C;4
 C1(=NC(=NC(=N1)Cl)Cl)Cl;0
 C1(=NC(=NC(=N1)N)N)N;0
 CC(C)CC(CC(C)C)O;4
 CC(C)CC(=O)CC(C)C;3
 CC(C)CC(C)OC(=O)C;0
 C1=CC=C(C=C1)Br;2
 CC1CCCCC1;1
 CC1=CC=CC=C1;3
 CC1=CC=NC=C1;0
 C1=CC=C(C=C1)Cl;1
 C1CCC(CC1)N;0
 C1CCC(CC1)O;3
 C1CCC(=O)CC1;0
 C1=CC=C(C=C1)O;2
 C1=CC=C(C=C1)S;1
 CC1=CN=CC=C1;2
 CN1CCOCC1;4
 CC1=CC=CC=N1;0
 CC1=NC=CN=C1;4
 C1=CC=NC(=C1)Cl;4
 CCCCOC(=O)CCC;3
 C(=NNNN=C(N)N=NN=O)(N)N;1
 CCCCC(=O)O;0
 CC(C)COC=C;4
 CN(C)CCCN;3
 CC(C)OCCO;0
 CCCOC(=O)C;0
 CCCOC(=O)Cl;2
 B(F)(F)F.CCOCC;0
 C(CBr)CBr;2
 CCCCBr;4
 CCCCC;0
 CCCCCl;0
 C(CCl)CBr;4
 [Li+].CCC[CH2-];4
 CCCCN;0
 CCCC#N;4
 C(CN)CN;0
 C(C#N)C#N;1
C(CO)C#N;4
 CCCCS;0
 CNCCO;3
 C(CO)NN;4
 COCCO;0
 COCOC;0
 CCNCC;0
 CCOC=C;0
 CCOC=O;0
 C1=CNC=C1;0
 C1CCOC1;0
 C1=COC=C1;0
 C1CCSC1;4
 C1=CSC=C1;3
 CC(C)(C)OOC(C)(C)C;0
 CC(C)CCC(=O)C;0
 CC(=O)CCC(=O)C;4
 C(=CC(=O)O)C(=O)O;0
 C(=CC(=O)O)C(=O)O;0
 CN(C)CCN(C)C;4
 CC(C)COC(=O)C;0
 CCCCCCCCC=CCCCCCCCC(=O)N(C)CC(=O)O;4
 CCCCCCCCCC(=O)OC;4
 CCCCCC(=O)C;0
 CC(C)CCOC=O;0
 CC(C)CCON=O;4
 CC(=O)OCCOC;2
 C(CCBr)CBr;4
CCCCCC;0
 CCCCC=O;0
 C(C=CCO)O;3
 C(C#CCO)O;0
 COCCOC;4
 CCOCCO;0
 CCSSCC;4
 C1CCCCC1;3
 C1CCC=CC1;2
 C1CNCCN1;0
 C1=CC=NC=C1;1
 C1CC=COC1;4
 C1OCOCO1;0
 C1CCNCC1;4
 C1COCCN1;0
 CC(=CCCC(=O)C)C;0
 CC(C)CNCC(C)C;0
 CC(CNCC(C)O)O;0
 CCCCCCCC(=O)OC;4
 CCCCCCC(=O)C;3
 CCCCCCC(=O)O;0
 CCOCCOC(=O)C;0
 C(CSCCC(=O)O)C(=O)O;0
 CN(C)CCCCCCN(C)C;3
 CCCCCCO;3
 C(CC=O)CC=O;2
 CCCCCCS;4
 CCCCN=C=O;0
 C(CNCCN)N;0
 C(CNCCO)N;3
 C(CO)NCCO;3
 CCCOCCC;4
 C(CCl)OCCCl;0
 C(COCCO)O;0
C(CSCCO)O;0
 C1CCCNCC1;4
 CCCCCCCC;2
 CCCCCCC=C;2
 C(CCC#N)CC#N;0
 CCCCCCCO;3
 CCCCCCC=O;2
 CCCCOCCO;0
 COCCOCCO;0
 C1CC=CCCC=C1;1
 CCCCCCCCCCCC(=O)OC;1
 CCCCCCCCC;1
 CCCCCCCCCl;2
 CCCCCCCCN;1
 CCCCCCCCO;3
 CCCCCCCCS;1
 CCOCCOCCO;0
 C(CCl)OCOCCCl;0
 CCCCNCCCC;0
 COCCOCCOC;0
 CCCCCCCCCCCC[N+](C)(C)C.[Cl-];1
 CCCCCCCCCCCCCCCC[N+](C)(C)C.[Cl-];1
 CCCCCCCCCCCCCCCCCC[N+](C)(C)C.[Cl-];4
 CCCCCCCCC(=O)O;0
 CCCCOCCOC(=O)C;3
 CCCCCCCCCCCCN(C)C;1
 C(CNCCNCCN)N;2
 CCCCCCOCCO;0
 C(COCCCl)OCCCl;4
 CCCCCCCCCCO;2
 CCCCCCCCCC=O;4
 CCCCOCCOCCO;0
 COCCOCCOCCO;0
 CCOCCOCCOCC;0
 CCCCCCCCCCCC;4
 CCCCCCCCCCC=C;1
 CCCCCCCCCCCO;2
 C=CCCCCCCCCC=O;4
 COCCOCCOCCOC;4
 CCCCCCCCCCCCO;3
 CCCCCCCCCCCCS;4
 CCCCOCCOCCSC#N;2
 C(CNCCNCCNCCN)N;1
 CCCCCCOCCOCCO;4
 CCCCCCCCCCCCCCO;1
 CCCCCCCCCCCCCCN(C)C;1
 CCCCCCCCCCCCCCCCCC(=O)Cl;4
 CCCCCCCCC=CCCCCCCCCN;1
 C(=N)(N)N;4
 CN(C)CCC(C1=CC=C(C=C1)Cl)C2=CC=CC=N2.C(=CC(=O)O)C(=O)O;4
 CC(C)OC1=CC=CC=C1OC(=O)NC;1
 C(C(C(=O)O)N)OC(=O)C=[N+]=[N-];4
 CC=C;3
 COC;0
 CC(=C)C;4
 CC(C)(C=C)O;0
 CC(C)(C#C)O;0
 CC[Si](Cl)(Cl)Cl;4
 CCS(=O)(=O)C(C)(C)S(=O)(=O)CC;4
 C1(C(C(C1(F)F)(F)F)(F)F)(F)F;4
 C1(C(C2(C(=C(C1(C2(Cl)Cl)Cl)Cl)Cl)Cl)C(=O)O)C(=O)O;4
 C1C2C(COS(=O)O1)C3(C(=C(C2(C3(Cl)Cl)Cl)Cl)Cl)Cl;1
 C1=CC(=CC=C1C(C2=CC=C(C=C2)Cl)(C(Cl)(Cl)Cl)O)Cl;1
 C1=CC=C(C=C1)OP(=O)(OC2=CC=CC=C2)OC3=CC=CC=C3;2
 CCOP(=S)(OCC)OC1=CC=C(C=C1)S(=O)C;1
 CC(=CCCC(C)(C=C)OC(=O)C)C;0
 C(CCl)OP(=O)(OCCCl)OCCCl;2
 C(=C(F)F)(F)F;4
 C(=C(F)F)(C(F)(F)F)F;4
 C1=CC(=CC=C1S(=O)(=O)C2=CC(=C(C=C2Cl)Cl)Cl)Cl;1
 COC(=O)C(Cl)Cl;4
 C12=C(C(=C(C(=C1Cl)Cl)Cl)Cl)C(=O)OC2=O;4
 C1=CC2=C(C(=C1)O)C(=O)C3=C(C2=O)C=CC=C3O;1
 C1=CC=C2C(=C1)C(=O)C3=C(C2=O)C=C(C=C3)N;0
 C1=CC=C2C(=C1)C(=O)C(=C(C2=O)Cl)Cl;1
CCCCC(CC)COC(=O)C1=CC=CC=C1C(=O)OCC(CC)CCCC;2
 CCCCCCCCOC(=O)C1=CC=CC=C1C(=O)OCCCCCCCC;0
 CC1(C(=O)N(C(=O)N1Cl)Cl)C;1
 CC1=C(C=CC=C1Cl)Cl;1
 CC1=C(C(=O)C=CO1)O;4
 C1(=C(C(=C(C(=C1Cl)Cl)Cl)Cl)Cl)Cl;1
 C1(=C(C(=O)C(=C(C1=O)Cl)Cl)Cl)Cl;2
 C1=C(C=C(C(=C1Br)O)Br)Br;1
 CC1=C(C=C(C=C1[N+](=O)[O-])[N+](=O)[O-])[N+](=O)[O-];1
 CCCCCCCCCCCCCOC(=O)C1=CC=CC=C1C(=O)OCCCCCCCCCCCCC;0
 CCOP(=S)(OCC)OC1=NN(C(=O)C=C1)C2=CC=CC=C2;1
 COC(=O)C1=CC=CC=C1O;2
 CC1=NN(C(=C1)OC(=O)N(C)C)C(C)C;4
C1=CC=C(C=C1)C(=O)C2=CC=CC=C2;2
 C1CCC2=CC=CC=C2C1;0
 C1=CC=C2C=NC=CC2=C1;3
 COC1=C(C=CC(=C1)C2=CC(=C(C=C2)N)OC)N;4
 CC1=C(C=CC(=C1)C2=CC(=C(C=C2)N)C)N;2
 C1=CC=C2C=C3C=CC=CC3=CC2=C1;1
 COC1=C(C=C(C=C1)C=O)OC;4
 C1=CC=C(C=C1)CC2=C(C=CC(=C2)Cl)O;1
 CC(C(=O)O)OC1=C(C=C(C=C1)Cl)Cl;1
 C1=CC=C(C=C1)COC(=O)C2=CC=CC=C2;0
 C1OC2=C(O1)C=C(C=C2)C=O;0
 COC(=O)C1=CC=C(C=C1)C(=O)OC;0
 CC1=CC(=C(C=C1)OC)N;4
 C1=CC=C2C(=C1)C=CN2;0
 C1=CC=C2C(=C1)N=C(S2)SSC3=NC4=CC=CC=C4S3;4
 C1=CC=C(C(=C1)O)O;0
 C1=CC(=C(C=C1Cl)Cl)Cl;1
 C1=CC(=C(C=C1Cl)Cl)O;1
 C1CCC(=O)C1;0
 CCC(C)(C)C1=CC(=C(C=C1)O)C(C)(C)CC;1
CC1=C(C=C(C=C1)[N+](=O)[O-])S(=O)(=O)O;0
 CC1=C(C=C(C=C1)[N+](=O)[O-])[N+](=O)[O-];1
 CC1=C(C(=O)CC1OC(=O)C2C(C2(C)C)C=C(C)C(=O)OC)CC=CC=C;1
 COC1=C(C=CC(=C1)C=O)O;0
 B(OC)(OC)OC;4
 CCN(CC)CC;3
 COP(OC)OC;3
 C1=CC(=CC(=C1)S(=O)(=O)O)N;4
 CC(C)(C)CC(C)(C)C1=CC=C(C=C1)OCCOCC[N+](C)(C)CC2=CC=CC=C2.[Cl-];2
 C1=CC(=CC=C1N)S(=O)(=O)O;0
 CN(C)C1=CC=CC=C1;2
 CCOC(=O)CC(C(=O)OCC)SP(=S)(OC)OC;1
 CCCOC(=O)C1=CC(=C(C(=C1)O)O)O;4
C1N(CN(CN1[N+](=O)[O-])[N+](=O)[O-])[N+](=O)[O-];2
 C1=CC(=C(C=C1[N+](=O)[O-])Cl)N;2
 C1=CC(=CC(=C1)[N+](=O)[O-])C(=O)O;4
 CC1=CC=C(C=C1)C(=O)C;4
 C1=CC(=CC=C1C(=O)Cl)Cl;4
 CC(C)C1=CC=C(C=C1)C=O;4
 CC1=C(C=CC(=C1)OP(=S)(OC)OC)[N+](=O)[O-];1
CCCCCCCCCCCCCCCC[N+](C)(C)CC1=CC=CC=C1.[Cl-];1
 CC(CN(CC(C)O)CC(C)O)O;3
 CCNC1=NC(=NC(=N1)Cl)NCC;1
 C1=CC=C(C=C1)NC2=CC=CC=C2;1
 CCCCCC(=CC1=CC=CC=C1)C=O;1
 CCOC(OCC)OCC;4
 CCOP(OCC)OCC;0
C1C(O1)COC2=CC=CC=C2;0
 C1=CC=C(C=C1)NNC2=CC=CC=C2;1
 C1=CC(=CC=C1OCC(=O)O)Cl;0
 C1=CC=C(C=C1)OCCO;0
 CCCCCCCCCCCCCCCC[N+]1=CC=CC=C1.[Cl-];4
 CCC1=CC=C(C=C1)O;0
 COC1=CC=C(C=C1)C=O;0
 CCCC(C)C=O;3
 CCCC(=O)CCC;4
 C(CC(=O)OOC(=O)CCC(=O)O)C(=O)O;4
 C1=CC(=CC=C1N)O;1
 C1=CC(=CC=C1O)O;1
 CC1=CN=C(C=N1)C;4
 CC(=CCCC(=C)C=C)C;1
 CCC=O;0
 CNC=O;0
 CC(=O)CC(C)(C)O;0
 CC(C)CCO;4
 CC(=O)CC(=O)C;3
 CCC(=O)OC(=O)CC;0
 CC1OC(OC(O1)C)C;4
 CCCCCC(=O)OCC;2
 CCCCCC(=O)OCC=C;4
 CCCC=O;0
 CC=CC=O;0
 C1CCNC1;4
 C(=O)(N)N=NC(=O)N;3
 CCCCOC(=O)C;0
 C1COCCO1;0
 CC(C)CCOC(=O)C;0
 CCCCCCC(C)O;0
 C=CCNCC=C;4
C(CCC(=O)O)CC(=O)O;0
C(CCCN)CCN;0
 CCCCCCCC=C;4
 CCCCCCCC=O;4
 CCCCCCCCCC;4
 CCCCCCCCC=O;0
 CCCCCCCCCCCCCCCCCCN(C)C;1
 CCCCCCCCCCCCCCCCCCN;1
 C(=O)=O;4
 CNC;3
 C[O-].[Na+];4
 C(=O)(N)N.OO;4
 C(=O)(N)N.[N+](=O)(O)[O-];4
 C(Cl)(Br)Br;1
 CS(=O)(=O)Cl;3
 CC(C)(CO)N;4
 C(C(F)(F)Br)(F)(F)Br;4
 CC(=O)OC1CC2CCC1(C2(C)C)C;3
 CC1CC(=O)C=C(C12C(=O)C3=C(O2)C(=C(C=C3OC)OC)Cl)OC;4
 C1CCS(=O)(=O)C1;0
 C(C(CO)(CO)COCC(CO)(CO)CO)O;0
C(C(CBr)Br)OP(=O)(OCC(CBr)Br)OCC(CBr)Br;2
 CCCCOP(=O)(OCCCC)OCCCC;2
 C[N+](CCCl)(CCCl)[O-];4
 CC(=C)C#N;3
 C=CC(=C)Cl;0
 CC(CCl)O;0
 C(=C(Cl)Cl)(Cl)Cl;1
 CC(=O)N(C)C;0
 CC1=CCCC(C1C=C(C)C(=O)C)(C)C;2
 C1=CC(=CC(=C1)S(=O)(=O)[O-])[N+](=O)[O-].[Na+];0
 C(C(C(Cl)(Cl)Cl)Cl)OCC(C(Cl)(Cl)Cl)Cl;1
 CC1(C2CCC(=C)C1C2)C;1
 CN(C)C(=S)[S-].[Na+];1
 CC1=CC(=C(C(=C1)C(C)(C)C)O)C(C)(C)C;1
 CN1CCC2=CC3=C(C(=C2C1C4C5=C(C(=C(C=C5)OC)OC)C(=O)O4)OC)OCO3;4
 C1=CC=C2C(=C1)C(=O)C3=C(C=CC(=C3C2=O)N)N;4
 CC1=C(C2=C(C=C1)C(=O)C3=CC=CC=C3C2=O)[N+](=O)[O-];4
 C1=CC=C2C(=C1)C(=O)C3=C(C2=O)C(=CC=C3)O;4
 C1=C(C=C(C(=C1[N+](=O)[O-])C(=O)O)[N+](=O)[O-])[N+](=O)[O-];4
C1CC2C(C(C1O2)C(=O)[O-])C(=O)[O-].[Na+].[Na+];1
 C1=CC=C2C(=O)C=CC(=O)C2=C1;4
 COC(=O)C1=CC=CC=C1C(=O)OC;0
 C=CCOC(=O)C1=CC=CC=C1C(=O)OCC=C;0
 CCCCCOC(=O)C1=CC=CC=C1C(=O)OCCCCC;4
 C1(=C(C(=C(C(=C1Cl)Cl)Cl)Cl)Cl)[O-].[Na+];1
 COC1=CC(=C(C=C1)C(=O)C2=CC=CC=C2)O;1
 CCCCCCC(C)C1=C(C(=CC(=C1)[N+](=O)[O-])[N+](=O)[O-])OC(=O)C=CC;4
 C1=C(C=C(C(=C1[N+](=O)[O-])NC2=C(C=C(C=C2[N+](=O)[O-])[N+](=O)[O-])[N+](=O)[O-])[N+](=O)[O-])[N+](=O)[O-];4
 C1=C(C=C(C(=C1[N+](=O)[O-])[O-])[N+](=O)[O-])[N+](=O)[O-].[NH4+];4
 C1CCC(CC1)C2=C(C(=CC(=C2)[N+](=O)[O-])[N+](=O)[O-])O;4
 C1=CC=C(C=C1)C2=CC=CC=C2[O-].[Na+];2
 C1=CC=C2C(=C1)C3=CC=CC=C3S2;1
 C1C=CCC2C1C(=O)N(C2=O)SC(Cl)(Cl)Cl;1
 C1=CC=C2C(=C1)C(=O)N(C2=O)SC(Cl)(Cl)Cl;1
 C1=CC=C2C(=C1)C(=CN2)CCCC(=O)O;3
 COC1=CC=CC=C1N.Cl;4
 C1=CC=C2C(=C1)C=CC=C2N;4
 CCN(CC)C(=O)C1=CC=CC(=C1)C;3
 CCC1=CC=CC=C1CC;4
 C1=CC=C2C=C(C=CC2=C1)O;1
 C1=CC=C(C=C1)[N+](=N[O-])[O-].[NH4+];4
 C1=CC=C(C=C1)NC2=CC3=CC=CC=C3C=C2;1
 CCC(C)C1=CC=CC=C1;4
 CCCCN(CCCC)C(=S)[S-].CCCCN(CCCC)C(=S)[S-].[Zn+2];1
 C1=CC=C(C=C1)N=NC2=C(N=C(C=C2)N)N.Cl;4
 CCCCC(CC)C(=O)[O-].CCCCC(CC)C(=O)[O-].[Co+2];4
 C1=CC(=C(C=C1Cl)Cl)OCCOS(=O)(=O)[O-].[Na+];4
 COC(=O)C(=C)C#N;4
 C1=CC=C(C(=C1)N)S;4
 C1=CC(=C(C=C1N)N)O.Cl.Cl;4
 CC1=CC(=C(C=C1C)N)C;4
 CN(C)C(=S)SSC(=S)N(C)C;1
 CN(C)C(=S)[S-].CN(C)C(=S)[S-].[Cu+2];1
 CN(C)C(=S)[S-].CN(C)C(=S)[S-].[Zn+2];1
 CCC(C)CO;4
 CNC(=S)[S-].[Na+];1
 CCN(CC)CC(=O)NC1=C(C=CC=C1C)C;4
 CCCCOC(=O)C(C)O;0
 CC1=CCC(CC1)C(=C)C;1
 CN(C)C1=CC=C(C=C1)N=O;4
 CCCCCCCCCCCC[N+](C)(C)CC1=CC=CC=C1.[Cl-];1
 CCCCCCCCCCCCCC[N+](C)(C)CC1=CC=CC=C1.[Cl-];1
 C(C(=O)O)N(CC(=O)O)CC(=O)O;2
 CC(C)NC1=NC(=NC(=N1)Cl)NC(C)C;1
 C1=CC(=CC=C1N)SC2=CC=C(C=C2)N;4
 CC(=O)OCC1=CC=CC=C1;3
 C1=CC=C(C=C1)CC#N;4
 C1CN(CCN1)CCN;3
 CN(C)C1=CC=C(C=C1)N=NS(=O)(=O)[O-].[Na+];2
 CC(COC1=CC=C(C=C1)C(C)(C)C)OS(=O)OCCCl;4
 CC(C)(C)CC(C)(C)C1=CC=C(C=C1)O;1
 CCOC(=O)C=C;2
 CC(=CCCC(=CC=CC(=O)C)C)C;2
 C1=CC(=NN=C1Cl)Cl;4
 CCCCOC(=O)C=C;0
 C(CO)N;0
 CC[O-].[Na+];4
 CC(=CC(=O)N(C)C)OP(=O)(OC)OC;1
 CCCC(=O)Cl;4
 C(CI)C(=O)O;4
 CCOC(=O)C;0
 CC(=CC(=O)C)C;0
 C(C(=O)O)C(=O)O;0
 C1=CNC(=S)NC1=O;2
 CCC1=CC(=CC=C1)CC;2
 CCOC(=O)CC(=O)C;0
 C1=CC=C(C=C1)N.Cl;4
 CCCCC(CC)COC(=O)C=CC(=O)OCC(CC)CCCC;1
 CCCCCCC(=O)OCC=C;4
 C=CCOC(=O)OCCOCCOC(=O)OCC=C;0
 C(CCl)CCl;3
 C1CC=CC1;4
 C(CNC(=S)[S-])NC(=S)[S-].[Na+].[Na+];1
 CCCCCC(=O)O;3
 C1CNCCN1.Cl.Cl;4
 C1CCOCC1;4
 CC(=O)[O-].CC(=O)[O-].[Cu+2];1
CCCCCCC;1
 CC=CC=CC=O;4
 CCCNCCC;0
 CCCCCCCCCCCCOC(=O)C(=C)C;4
 CCCCCCOC(=O)C;2
 CCCCOCCCC;3
 CCCCCCCCCO;2
 CCCCCCCCC=CCCCCCCCC(=O)[O-].[K+];1
 CCCCOCCOCCOCCO;0
 [C-]#N.[Na+];1
 C1(=O)C2(C3(C4(C1(C5(C2(C3(C(C45Cl)(Cl)Cl)Cl)Cl)Cl)Cl)Cl)Cl)Cl;1
 COP(=S)(OC)SCC(=O)N1CCOCC1;4
 C(C(=O)O)F;1
 CNC(=S)S;1
 C(=O)(O)[O-].[Na+];0
 C(=O)(C(=O)O)O;3
 C1CC2C(C(C1O2)C(=O)O)C(=O)O;0
 C1=C(C=C(C(=C1[N+](=O)[O-])[O-])[N+](=O)[O-])[N+](=O)[O-].[Ag+];4
CN(C)CCOC(C1=CC=CC=C1)C2=CC=CC=C2.Cl;4
 CC1=C(C=C(C=C1[N+](=O)[O-])[N+](=O)[O-])C(=O)N;0
 CCN(CC)C(=S)[S-].[Na+];1
 C1=CC2=C(C(=C1)O)N=CC=C2;1
 C1=CC=C2C(=C1)NC(=N2)C3=CSC=N3;1
 C1=CC(=CC=C1CC(C(=O)O)N)N(CCCl)CCCl;4
 C1=CC=C2C(=C1)NC(=S)S2;1
 CCCCC(CC)C(=O)O;3
COC(OC)OC;4
 B(OCC)(OCC)OCC;4
 CN(C)C(=O)NC1=CC=C(C=C1)Cl;3
 COC1=CC=C(C=C1)O;0
 COC1=CC(=CC=C1)OC;4
 CCCCCCCCCCCCOS(=O)(=O)[O-].[Na+];3
 [C-]#N.[K+];1
 C1CN1;2
 C(C(F)(F)F)(Cl)Br;4
 CN(C)P(=O)(N(C)C)OP(=O)(N(C)C)N(C)C;4
 C(CCl)NC(=O)N(CCCl)N=O;4
 CCOC1=CC=C(C=C1)N;2
 C(=CCl)Cl;3
 C(=CCl)Cl;0
 C(#N)N.[Ca+2];4
 C(CN)CO;4
 C1=CC=C2C3=C4C(=CC2=C1)C=CC5=CC6=CC=CC=C6C(=C54)C=C3;4
 C1=CC=C2C3=C4C(=CC2=C1)C=CC5=C4C(=CC6=CC=CC=C56)C=C3;4
 C1=CC=C2C(=C1)C3=CC=CC4=C3C5=C(C=CC=C25)C=C4;1
 C1=CC=C2C(=C1)C3=C4C2=CC5=CC=CC6=C5C4=C(C=C6)C=C3;1
 C1=CC=C2C(=C1)C=CC3=C2C4=C(N3)C=CC5=CC=CC=C54;4
 C1=CC=C2C(=C1)C=CC3=C2C4=CC=CC=C4C=C3;4
 C1=CC=C2C(=C1)C=CC3=C2C4=CC=CC5=C4C3=CC=C5;1
 C1=CC=C2C3=C4C(=CC=C3)C5=CC=CC=C5C4=CC2=C1;4
 C1=CC=C2C(=C1)C3=CC=CC4=C3C2=CC=C4;1
 C1=CC=C2C=C3C4=CC=CC5=C4C(=CC=C5)C3=CC2=C1;1
 C1=CC2=C3C(=C1)C=CC3=CC=C2;1
 C1=CC=C2C(=C1)C=CC3=C2C=CC4=CC=CC=C43;1
 C1=CC=C2C(=C1)C=CC3=NC4=C(C=C32)C5=CC=CC=C5C=C4;4
 C1=CC=C2C(=C1)C=CC3=C2C=C4C=CC5=CC=CC=C5C4=N3;4
 C1=CC=C2C(=C1)C=CO2;3
 C1CN2CCN1CC2;0
 C1CCC2C(C1)O2;4
 C1CCCC1;3
 C1=CN=CN1;0
 C1=NNN=N1;4
 C1CCCCCC1;0
 C12C(C(OC1Cl)Cl)C3(C(=C(C2(C3(Cl)Cl)Cl)Cl)Cl)Cl;1
 CCOP(=S)(OCC)OC1=NC=CN=C1;4
 COP(=S)(OC)OC1=CC=C(C=C1)[N+](=O)[O-];1
 CCOP(=S)(OCC)SCSCC;1
 CCOP(=S)(OCC)SCCSCC;1
 CCOP(=S)(OCC)S;2
 CCCCC(CC)COP(=O)(O)OCC(CC)CCCC;3
 C(=O)C(=O)O;0
 COC1=C2C(=CC3=C1OC=C3)C=CC(=O)O2;4
 CC(C(C1=CC=CC=C1)O)NC;4
 COP(=S)(OC)OC1=CC(=C(C=C1Cl)Cl)Cl;4
 CC(C)(C)C1=CC(=C(C=C1)OP(=O)(NC)OC)Cl;2
 COP(=O)(OC)OC(C(Cl)(Cl)Br)Br;1
 CCCCCCCCC=CCCCCCCCC(=O)N;4
 CC(=O)[O-].CC(=O)[O-].[Pb+2];1
 CCS(=O)CCSP(=O)(OC)OC;1
 NN;1
 C(C(Cl)(Cl)Cl)(O)O;0
 CC(=O)C1(CCC2C1(CCC3C2C=C(C4=CC(=O)CCC34C)Cl)C)OC(=O)C;4
 CC=C(C)C(=O)OC1CCN2C1C(=CC2)COC(=O)C(C(C)OC)(C(C)(C)O)O;4
 C1=CC=C2C(=C1)C=NN=C2NN.Cl;4
 C1=CC(=CC=C1CCCC(=O)O)N(CCCl)CCCl;4
 C(C(F)(F)F)(Cl)Cl;3
 C1(C(C(C(C(C1(F)F)(F)F)(F)F)(F)F)(C(F)(F)F)F)(C(F)(F)F)F;4
 C(C(C(C(C(F)(F)F)(F)F)(F)F)(F)F)(C(C(C(F)(F)F)(F)F)(F)F)(F)F;4
 C(=O)(C(C(C(C(C(C(C(C(C(C(C(F)(F)F)(F)F)(F)F)(F)F)(F)F)(F)F)(F)F)(F)F)(F)F)(F)F)(F)F)O;4
 C1C2C=CC1C3C2C4(C(=C(C3(C4(Cl)Cl)Cl)Cl)Cl)Cl;1
 CCC(C)N1C(=O)C(=C(NC1=O)C)Br;1
 CN1C2=C(C(=O)N(C1=O)C)NC=N2.CN1C2=C(C(=O)N(C1=O)C)NC=N2.C(CN)N;4
 C1=NC(=NC(=O)N1C2C(C(C(O2)CO)O)O)N;4
 C1=CC(=C(C=C1C(F)(F)F)Cl)Cl;4
 CN(C)C(=O)NC1=CC(=C(C=C1)Cl)Cl;1
 CN(C(=O)NC1=CC(=C(C=C1)Cl)Cl)OC;1
 C(#N)[S-].[K+];0
 CCOP(=S)(N=C1SCCS1)OCC;4
CCOP(=S)(OCC)OC1=NC(=NC(=C1)C)C(C)C;1
 CCCCCCCCCC(=O)O;3
 C=[N+]=[N-];4
 C(=O)(C(C(C(C(C(C(C(F)(F)F)(F)F)(F)F)(F)F)(F)F)(F)F)(F)F)O;0
 C(=O)(C(C(C(C(C(C(C(F)(F)F)(F)F)(F)F)(F)F)(F)F)(F)F)(F)F)[O-].[Ag+];1
 C1=CC(=C(C=C1Br)F)F;2
 C1=CC(=CC=C1NC(=O)CF)Br;4
 C(=O)(F)F;4
 C(F)(F)(Cl)Br;4
 C(C(F)(F)F)(F)F;0
 COC1=C(C=C2C(=C1)C34CCN5C3CC6C7C4N2C(=O)CC7OCC=C6C5)OC;3
 C1=CC=NC(=C1)C2=CC=CC=N2;4
 C1=CC(=CC=C1N)F;3
 C(C#N)C(=O)O;0
 C(=O)(C(C(C(C(C(C(C(C(F)(F)F)(F)F)(F)F)(F)F)(F)F)(F)F)(F)F)(F)F)O;4
 C1=CC=C(C=C1)[Sn](C2=CC=CC=C2)(C3=CC=CC=C3)F;1
 C(C(=O)O)(F)F;1
 C(=C(F)F)(C(F)(F)F)C(F)(F)F;4
 C1=CC(=C(C=C1O)F)N;4
 [C-]#[Si+];4
C(#N)N;1
 C1CS1;4
 CC(F)(F)F;4
 C(C(C(F)(F)F)(F)F)(Cl)Cl;4
 [B-](F)(F)(F)F.CC[N+](CC)(CC)CC;4
 CC(=O)C(=O)C;4
 C(C(F)(F)F)(C(F)(F)F)F;4
 C1=CC(=C(C=C1F)F)[N+](=O)[O-];2
 CN1C=NC(=C1SC2=NC=NC3=C2NC=N3)[N+](=O)[O-];4
 C1=CC(=CC=C1C=O)F;4
 CCOC(=O)CF;4
 C(#N)C#N;1
 C=C=O;4
C(=O)=S;4
 CC(C(C)(C)C)O;0
 CC1(C2CCC(O1)(CC2)C)C;0
 CCOP(=O)(OCC)OC(=CCl)C1=C(C=C(C=C1)Cl)Cl;4
 C#CC(=O)O;4
 CN1C2=C(C(=O)N(C1=O)C)N(C=N2)CC(CO)O;4
 CN(C1=C(C=C(C=C1[N+](=O)[O-])[N+](=O)[O-])[N+](=O)[O-])[N+](=O)[O-];4
 COC1=C2C=CC(=O)OC2=CC3=C1C=CO3;4
 CCC(C)C1=C(C(=CC(=C1)[N+](=O)[O-])[N+](=O)[O-])OC(=O)C=C(C)C;1
 CN(C)C1=CC=C(C=C1)C(=N)C2=CC=C(C=C2)N(C)C;4
 C1=CC=C2C=C(C=CC2=C1)N(CCCl)CCCl;4
 C1CCNC(C1)C2=CN=CC=C2;4
 C(=O)([O-])[O-].[Na+].[Na+];0
 C1=CC=C(C=C1)COC(=O)Cl;4
 C1=CN=CC=C1N;2
 C1=CC=NC(=C1)N;3
 CC=CC=C;0
 CC(C)CCCC(C)CCCC(C)CCCC(C)(C=C)O;1
 C(CCl)SCCCl;4
 C(#N)Cl;1
 C(=N)(N)N.[N+](=O)(O)[O-];0
 CC(=O)Br;3
 CC(C)(C)Cl;4
 CC1(C2CCC1(C(C2)O)C)C;4
 C([N+](=O)[O-])([N+](=O)[O-])([N+](=O)[O-])[N+](=O)[O-];4
 CCOC(=O)C(C1=CC=C(C=C1)Cl)(C2=CC=C(C=C2)Cl)O;1
 COP(=O)(OC)OC;0
 CC=C(C)C;2
 CC(=CCl)C;4
 C(=O)([O-])[O-].[Ba+2];4
 C(=O)([O-])[O-].[Cd+2];4
 C(=O)([O-])[O-].[Co+2];0
 CC(C(=O)C)O;4
 C(=O)(C(=O)[O-])[O-].[Fe+2];4
 C1=CC(=C(C(=C1[N+](=O)[O-])O)[N+](=O)[O-])O;4
 CC1=CC(=O)C(C(=O)O1)C(=O)C;4
 CC1=C(C(=CC=C1)C)C;2
 CC1=C(C(=CC=C1)O)C;3
 CC1=CC(=C(C(=C1)C)O)C;1
 C1=CC=C(C(=C1)[N+](=O)[O-])[N+](=O)[O-];1
 C1=CC=C2C(=C1)C=CC=N2.Cl;4
 CC(=O)NC1=NC(=CS1)C2=CC=C(O2)[N+](=O)[O-];4
 COC1=CC=CC=C1OCC(COC(=O)N)O;4
 C1=CC=C(C=C1)C(=O)CCl;4
 CN1CN(C(=S)SC1)C;1
 C(=O)(O)[O-].C(=O)([O-])[O-].[Na+].[Na+].[Na+];4
 CC1=CC=CO1;0
 CC1=CC(=CC(=C1O)[N+](=O)[O-])[N+](=O)[O-];2
 C1=C(C=C(C=C1N)N)C(=O)O;4
 COC1=CC=CC(=C1)N;1
 C1CCC(CC1)N=C=NC2CCCCC2;4
 CC(C)CC1=CC=CC=C1;4
 CCOC(=O)CCBr;4
 CCCCl;4
 C(=CCl)Cl;2
 C(=O)[O-].[NH4+];0
 C(#N)[S-].[Na+];3
 CC(C)(C)ON=O;4
 CC(=O)OC(C)(C)C;0
 C[Si]1(O[Si](O[Si](O[Si](O[Si](O1)(C)C)(C)C)(C)C)(C)C)C;4
 CC(=O)O.CC(=O)O.O=[U]=O;3
 CCOC(=O)Cl;4
 CC(C)ON=O;4
C1=CC(=CC(=C1)Cl)Cl;1
CCC(C)CC(=O)CC;4
 C1CCC(CC1)Cl;2
 CC(C)COC=O;4
 CC(C)CON=O;4
 C(C=CCl)Cl;1
 C(CCl)C#N;4
 C(OCCl)Cl;4
 C1C=CC=C1;4
 C(#CC(=O)N)C(=O)N;4
 CC(C)COC(=O)Cl;4
 CCCCCCl;4
 CC(=O)[O-].CC(=O)[O-].[Ba+2];4
 CC(=O)[O-].CC(=O)[O-].[Cd+2];1
 CC(C)CCOCCC(C)C;2
 CCCCON=O;4
 C(=O)[O-].C(=O)[O-].[Co+2];3
 [CH3-].[CH3-].[Zn+2];4
 C(#N)C(Cl)(Cl)Cl;1
CC(C)[O-].CC(C)[O-].CC(C)[O-].CC(C)[O-].[Ti+4];4
 CC(C(=O)OC)O;0
 C(=O)(C(=O)O)O.[Zn];4
 CN(C)C1=CC=C(C=C1)C(=C2C=CC(=[N+](C)C)C=C2)C3=CC=C(C=C3)N(C)C.[Cl-];4
 C1=CC2=C(C=C1C(=O)O)C(=O)OC2=O;0
 CC1=CC=CC=C1CCl;4
 C1=CN=CC=C1C2=CC=NC=C2;4
 C1=CC(=C(C=C1Cl)Cl)N;2
 [Li+].[Li+].C(=O)([O-])[O-];2
 C1=CC(=CC(=C1)O)[N+](=O)[O-];2
 C(=O)(C(=O)[O-])[O-].C(=O)(C(=O)[O-])[O-].C(=O)(C(=O)[O-])[O-].[Na+].[Na+].[Na+].[Fe+3];4
 C1CN(C(=O)N1)N=CC2=CC=C(O2)[N+](=O)[O-];4
 C1C(O1)CO;0
 CN=C=S;1
 C[Si]1(O[Si](O[Si](O[Si](O1)(C)C)(C)C)(C)C)C;1
 CC(=CCO)C;0
 C(=N)(N)N[N+](=O)[O-];4
 CCCCCCCCCCCCCCCCCC(=O)[O-].CCCCCCCCCCCCCCCCCC(=O)[O-].[Mg+2];4
 CCCCCCCCCCCCCCCCCC(=O)[O-].CCCCCCCCCCCCCCCCCC(=O)[O-].[Zn+2];0
 [C-]#N.[C-]#N.[Zn+2];4
 C(#N)[S-].C(#N)[S-].[Zn+2];4
 C(Br)(Br)(Br)Br;4
 CS(=O)(=O)F;4
 [C-]#N.[C-]#N.[C-]#N.[C-]#N.[Ba+2].[Pt+2];4
 CC1=CC(=CC=C1)OP(=O)(OC2=CC=CC(=C2)C)OC3=CC=CC(=C3)C;4
 CCOP(=S)(OCC)SCSP(=S)(OCC)OCC;1
 C(=O)(N)NN.Cl;4
 CC(=C)CCl;2
 CC(=O)[O-].[Tl+];1
 C(=O)(C(=O)[O-])[O-].[Ca+2];4
 CC(C)C(=O)C;0
 C1=CC(=N)C=CC1=C(C2=CC=C(C=C2)N)C3=CC=C(C=C3)N.Cl;4
 CN(C)C1=CC=C(C=C1)C(=C2C=CC(=[N+](C)C)C=C2)C3=CC=CC=C3.[Cl-];1
C1=CC(=C(C(=C1)[N+](=O)[O-])O)[N+](=O)[O-];3
 C1=CC=C2C(=C1)C(=CC(=C2N)N=NC3=CC=C(C=C3)C4=CC=C(C=C4)N=NC5=C(C6=CC=CC=C6C(=C5)S(=O)(=O)[O-])N)S(=O)(=O)[O-].[Na+].[Na+];4
 CC1=C(C(=CC=C1)C)O;2
 CCCCC(CC)COC(=O)CC(C(=O)OCC(CC)CCCC)S(=O)(=O)[O-].[Na+];3
 CCC1=C(C(=CC=C1)CC)N;4
 C1=CC=C2C=C(C=CC2=C1)[N+](=O)[O-];4
 C1=CC=C(C=C1)C(=O)[O-].[K+];4
C(=O)(C(=O)[O-])[O-].[K+].[K+];4
 CC1CCCCC1O;4
 CC1CCCCC1=O;0
 C1=CC(=C(C=C1Cl)O)Cl;2
 CSCCC(C(=O)O)O;4
 C(=O)([O-])[O-].[K+].[K+];0
 CC1=C(C(=O)CC1OC(=O)C2C(C2(C)C)C=C(C)C)CC=C;1
 CC1=C(C=C(C=C1)N=C=O)N=C=O;3
 CC(=C)C(=O)OC(C)(C)C;4
 CC1=CCC(=C(C)C)CC1;1
 CCCCOC(=O)CC;4
 CC=CC;4
 C(#N)[O-].[K+];3
 CC(C)CC=O;0
 C(CBr)C(=O)O;4
 CC1=CCC(=O)O1;4
 C1=CC(=CC(=C1)O)N;1
 C1=C(C=C(C=C1Cl)Cl)O;1
 CCCCOC(=O)CC(=O)C;4
 CCCCC(=O)C;0
 CC(=O)OCC=C;4
 C(#N)[Hg]C#N;1
 C(#N)[Pb]C#N;4
 CCCCCC(C)C;4
 CCCCC=C;0
 CC(=O)OCN=[N+](C)[O-];4
 CF;4
 C=CBr;4
 C[Hg]C;4
 C(=N)(N)N.C(=N)(N)N.C(=O)(O)O;4
 C[Sn](C)(C)C;4
 C(SCl)(Cl)(Cl)Cl;4
 CC([N+](=O)[O-])(Cl)Cl;4
 C(C(Cl)Br)Br;4
 C(C(=O)Br)Br;4
 CC(=O)CBr;4
 CCN(C)C;3
C(=O)([O-])[O-].[Mn+2];4
C(=O)([O-])[O-].[Pb+2];4
 CC(C(=O)O)Cl;0
 CC(C(=O)O)O;0
 CC(C)(C1=CC=CC=C1)C2=CC=C(C=C2)O;2
 C(C(C(=O)O)Br)Br;4
 CCC([N+](=O)[O-])Cl;4
 CC1=C(C(=CC=C1)[N+](=O)[O-])[N+](=O)[O-];1
 C1=CC2=C(C(=C1)[N+](=O)[O-])C(=CC=C2)[N+](=O)[O-];4
 C1CC2=CC=C(C3=CC=CC1=C23)[N+](=O)[O-];4
 C1=CC=C(C=C1)N(C2=CC=CC=C2)C3=CC=CC=C3;4
 C1=CC=C(C=C1)P(C2=CC=CC=C2)C3=CC=CC=C3;4
 C1=CC2=C(C=CC=C2[N+](=O)[O-])C(=C1)[N+](=O)[O-];4
 CC1=C(C=CC=C1[N+](=O)[O-])[N+](=O)[O-];1
 COC1=C(C=C(C=C1[N+](=O)[O-])[N+](=O)[O-])[N+](=O)[O-];4
 C1C2=CC=CC=C2C3=C1C=C(C=C3)[N+](=O)[O-];4
 C1(=C(C(=C(C(=C1Br)Br)Br)Br)Br)O;1
 C1(C(C(C(C(C1Cl)Cl)Cl)Cl)Cl)Cl;1
 C1=C(C(=C(C(=C1Cl)Cl)Cl)Cl)Cl;1
 C1=C(C=C(C(=C1[N+](=O)[O-])O)Cl)Cl;4
 CC1=CC(=C(C=C1)[N+](=O)[O-])[N+](=O)[O-];1
C1=CC(=C(C=C1Cl)Cl)[N+](=O)[O-];2
 C1=CC=C(C(=C1)CCl)Cl;1
 CC1=C(C=CC(=C1)C2=CC(=C(C=C2)N)C)N.Cl.Cl;4
 C1=CC(=C(C=C1C2=CC(=C(C=C2)N)Cl)Cl)N.Cl.Cl;1
 CC(=O)NC1=CC=C(C=C1)C2=CC=C(C=C2)NC(=O)C;4
 CC(C)(C)OOC(=O)C1=CC=CC=C1;1
 COC1=C(C=C(C=C1)N)N;4
 CCOC(=O)N(C)N=O;4
 C1=CC(=C(C=C1Br)Br)O;1
 C(C(CCl)Cl)O;4
 COC(=O)OC;4
 C1=C(C(=CC(=C1[N+](=O)[O-])O)O)[N+](=O)[O-];4
 CC(C)(C1=CC=CC=C1)O;4
 CC1=CC(=CC(=C1)[N+](=O)[O-])[N+](=O)[O-];3
 CC1=C(C=CC(=C1)[N+](=O)[O-])[N+](=O)[O-];2
 CCC1=CC(=CC=C1)O;4
 CCCN(CCC)N=O;4
 C1=CC=C(C=C1)COCCO;4
 C1=CC=C(C=C1)CCCl;4
 CC(=O)OC1CCCCC1;0
 CCCC(=O)OC;4
 CCOC(CCl)Cl;4
 CCOC(=O)C=CC(=O)OCC;4
 C1=CC(=CC=C1N)N.Cl.Cl;4
 CCC(C)COC(=O)C;4
 COC(=O)C=CC(=O)OC;4
 CCCCCOC(=O)CC;4
 CC=CC;4
 CN=C=O;4
 CON=O;4
 CSSC;1
 COCC(=O)O;4
 C1=CC(=CC(=C1)C#N)C#N;4
 CCCC(C)OC(=O)C;4
 C1=C(C=C(C=C1Cl)Cl)N;2
 CN1CCCCC1;4
 CCCO[N+](=O)[O-];4
 CC[Hg]CC;4
 CCCCCOC(=O)C;0
 C(CCCl)CCCl;3
 C(CO[N+](=O)[O-])O[N+](=O)[O-];4
 CCOCCOCC;4
 [C-]#[O+];4
 C(C(Cl)(Cl)Cl)Cl;3
 CC(=O)[O-].[Hg+];4
 CN(C)C(=O)N(C)C;4
 CC1=CC(=C(C2=CC=C(C=C2)N)C3=CC=C(C=C3)N)C=CC1=N.Cl;4
 COC1=C(C2=C[N+]3=C(C=C2C=C1)C4=CC5=C(C=C4CC3)OCO5)OC.[Cl-];4
 C1=CC(=C(C(=C1Cl)Cl)Cl)Cl;1
 C1=C(C=C(C(=C1Cl)Cl)Cl)Cl;1
 C1=C(C=C(C(=C1Cl)N)Cl)Cl;1
 CCOC(C)(C)C;4
 CCCC(=O)OC(C)C;4
 C1=CC=C(C=C1)P;4
 CC(=O)[O-].CC(=O)[O-].[Mn+2];4
 CCCCCOC=O;4
 C1=CC=C(C=C1)[Sn](C2=CC=CC=C2)(C3=CC=CC=C3)Cl;1
 CCSCCSP(=S)(OC)OC;2
 C(C(=O)N)F;4
 C(=O)(C(=O)[O-])[O-].[Mn+2];4
 C1=CC=C(C(=C1)C=O)C=O;1
 C1=CC=C(C=C1)P(Cl)Cl;4
 C1COCO1;0
 C(=O)(C(Cl)(Cl)Cl)[O-].[Na+];4
 CC(C)CCOC(=O)CC(C)C;4
 CC1=CC(=C(C=C1C)Cl)OC(=O)NC;4
 C=C1CC(=O)O1;0
 CP(=O)(Cl)Cl;4
 CN(C)P(=O)(N(C)C)N(C)C;0
 CO[Si](OC)(OC)OC;4
 CCCCCCCCCCCC[N+](C)(C)CC(=O)[O-];3
 CCCC[Sn](CCCC)(Cl)Cl;1
 C(=O)(C(F)(F)F)C(F)(F)F;4
 CN(C(=O)N)N=O;4
 CCCCC(CC)COC(=O)C(=C)C;2
 CC(C)CC=C;0
 CC(C)N=C=NC(C)C;4
CC1=NC=CN1;0
 CC1=CC(=C(C(=C1O)C)C)O;1
 CCC(=O)NC1=CC(=C(C=C1)Cl)Cl;1
 C1=C(OC(=C1)[N+](=O)[O-])C2=NN=C(S2)N;4
 CC1=CC=C(C=C1)N(SC(F)(Cl)Cl)S(=O)(=O)N(C)C;4
 COP(=S)(OC)SCN1C(=O)C2=CC=CC=C2C1=O;1
 CC(C)(C)C1=CC(=C(C(=C1)C(C)(C)C)O)C(C)(C)C;2
 COC1=CC(=CC(=C1OC)OC)CC2=CN=C(N=C2N)N;2
 COP(=O)(C)OC;4
 COP(=S)(OC)S;3
 CCN(C(=O)N)N=O;4
 CCCN(CCC)C(=O)SCC;2
 C=CC(CCl)Cl;2
CCCCC(CC)C(=O)Cl;4
 CCOCCC(=O)OCC;0
 CC(=CC=C(C)C)C;2
 C(C=CCCl)Cl;1
 C=COCCO;4
 C1C(O1)C=O;4
 CCCCN1CCCC1;4
 CC(C)NC1=CC=CC=C1;4
 CC(COC1=CC=CC=C1)O;0
 C1=CC=C(C(=C1)NNC2=CC=CC=C2Cl)Cl;1
 CCOP(=S)(OCC)SCSC1=CC=C(C=C1)Cl;1
 C1=CC=C(C=C1)P(=O)(C2=CC=CC=C2)C3=CC=CC=C3;3
 CC(C)CC(C)NC1=CC=C(C=C1)NC2=CC=CC=C2;1
 C1=C(OC(=C1)[N+](=O)[O-])C=CC2=CN=C(N=N2)N(CO)CO;4
 C(C(F)(F)F)F;0
 C=CC(=O)Cl;4
 CC(=C)C(=O)C;4
 C(=O)(C(=O)[O-])[O-].[Sn+2];4
 CCCC[Sn](=O)CCCC;2
 C=CC(=O)OCCO;3
 C(C#CCCl)Cl;4
 C(CCCN=C=O)CCN=C=O;0
 CC1=CN=CN1;4
 CC1=C(C=CC=C1N)N;4
 C1=CC(=CC=C1[N+](=O)[O-])[O-].[Na+];4
 CC1(CC(=O)CC(N1)(C)C)C;0
 CC1CC(OC(O1)C)OC(=O)C;4
 C1=C(C=C(C(=C1N)[O-])[N+](=O)[O-])[N+](=O)[O-].[Na+];4
 CCNC1=NC(=NC(=N1)SC)NC(C)C;2
 C1=CC=C(C=C1)NC2=CC=C(C=C2)[N+](=O)[O-];1
 CC1=C(C=CC(=C1)CC2=CC(=C(C=C2)N)C)N;4
 C1=CC=C(C=C1)N=NC2=C(C=CC3=CC=CC=C32)O;4
 C1CCC(CC1)(C2=CC=C(C=C2)O)C3=CC=C(C=C3)O;2
 CC(=C)C(=O)OCCO;0
 CO[P+](=O)OC;3
 CC(=O)OC(C=C)OC(=O)C;4
 CCCCCCCCC=C;4
 CN1CCCC1=O;0
 C1=CC=C(C=C1)SSC2=CC=CC=C2;1
CC(=O)O[Sn](C1=CC=CC=C1)(C2=CC=CC=C2)C3=CC=CC=C3;4
 C(#N)[O-].[Na+];4
 CC(=O)[O-].CC(=O)[O-].CC(=O)[O-].[Co+3];4
 CCO[Si](CCCN)(OCC)OCC;0
 CC(=C)C(=O)Cl;4
 CC(COC(=O)C(=C)C)O;4
 CCCCN(CCCC)N=O;4
 C=CC(=O)NCO;0
 CCCCCC(=O)CCCCC;4
 CC(C)CCCC(=O)C;3
 CCC=CCCO;0
 COCC1CO1;4
 C1CCN(C1)N=O;4
 C1=CC=C(C=C1)N2C(=O)C=CC2=O;4
 CCOP(=S)(CC)SC1=CC=CC=C1;2
 C1CCCCCC(=O)NCCCCC1;3
 COC1=NN(C(=O)S1)CSP(=S)(OC)OC;1
 CCC(C)(C)OC;0
 CCCCP(CCCC)CCCC;4
 CC(COC(=O)C=C)O;0
 C[N+](C)(C)CCCl.[Cl-];1
 C[Si](C)(C)N[Si](C)(C)C;3
 C1=CC(=C(C=C1[N+](=O)[O-])[N+](=O)[O-])[O-].[Na+];4
 CCNC1=NC(=NC(=N1)SC)NCC;1
 C12C(C(C3C1O3)Cl)C4(C(=C(C2(C4(Cl)Cl)Cl)Cl)Cl)Cl;1
 C=CCN1C(=O)N(C(=O)N(C1=O)CC=C)CC=C;0
 C[Si](C)(C)O;0
 CCCC[Sn](CCCC)(OC(=O)C)OC(=O)C;1
 CCCC[Sn](CCCC)CCCC.O;4
 CC(C)(C)OOC(C)(C)C#CC(C)(C)OOC(C)(C)C;4
 CCCC(CCC)C(=O)[O-].[Na+];4
 C(C(=O)O)NCP(=O)(O)O;1
 CCCCCCCCCCCCCCCCCC(=O)[O-].CCCCCCCCCCCCCCCCCC(=O)[O-].[Pb+2];4
 C1CN1CCO;4
 CN(C)S(=O)(=O)N(C1=CC=CC=C1)SC(F)(Cl)Cl;4
 C(#N)[S-].[Cu+];1
 C(=O)(C(=O)[O-])[O-].[NH4+].[NH4+];4
 C(CO)N(CCO)N=O;4
 CCCCCCCCN(CCCCCCCC)CCCCCCCC;1
 CCCC[Sn](Cl)(Cl)Cl;1
 CCCCCCCCCCCC[N+](C)(C)C.[Br-];1
 CCCCCCCCCCC;1
 C1COS(=O)(=O)C1;3
 CC1=C(N=C(C(=N1)C)C)C;4
 CC1=CC(=CC=C1)OC(=O)NC;4
 C1=CC=C(C=C1)SC2=CC=CC=C2N;4
 C1(=C(C(=C(C(=C1Br)Br)Br)Br)Br)OC2=C(C(=C(C(=C2Br)Br)Br)Br)Br;0
 CO[Si](C)(OC)OC;0
 C1=CC(=C(C(=C1)Cl)C#N)Cl;1
 CC(CC1=CC2=C(C=C1)OCO2)C=O;4
 C1=CC=C(C=C1)CNC2=NC=NC3=C2NC=N3;3
 CC1COCC2=CC3=C(C=C12)C(C(C3(C)C)C)(C)C;1
 CCCCC(CC)COP(=O)(OC1=CC=CC=C1)OC2=CC=CC=C2;1
 CC1=CC(=C(C=C1)N)C.CC1=CC(=C(C=C1)C)N.CC1=C(C(=CC=C1)N)C.CC1=C(C(=CC=C1)C)N.CC1=C(C=C(C=C1)N)C.CC1=CC(=CC(=C1)N)C;4
 O=[Al]O[Al]=O;4
 O=[As](=O)O[As](=O)=O;3
 S=[As][As]=S;4
 [O-][As](=O)([O-])[O-].[O-][As](=O)([O-])[O-].[Zn+2].[Zn+2].[Zn+2];4
 B(=O)OB=O;0
 B1(OB2OB(OB(O1)O2)[O-])[O-].O.O.O.O.O.O.O.O.O.O.[Na+].[Na+];4
 O=[Ba];4
 [O-][O-].[Ba+2];4
 [Be]=O;4
 O=[Ca];4
 [O-][O-].[Ca+2];4
 [P-3].[P-3].[Ca+2].[Ca+2].[Ca+2];4
 O=[Cd];1
 S=[Cd];1
 O=[Ce]=O;4
 O=[Co];4
 O.O.O.[Cr];4
 O=[Cr]O[Cr]=O;4
 O=[Pb]=O;4
 [Fe]=[Se];4
 [OH-].[K+];4
 [Li+].[OH-];4
 [Li+].O.[OH-];4
 [OH-].[Na+];0
 [O-2].[O-2].[O-2].[In+3].[In+3];4
 [SH-].[K+].[K+];4
 O=[Mo](=O)=O;3
 [O-][O-].[Na+].[Na+];4
 [Na+].[Na+].[SH-];0
 O=[Ni];4
 [O-2].[O-2].[O-2].[Ni+3].[Ni+3];4
 O([Tl])[Tl];4
 [O-][O-].[Sr+2];4
 O=[Tl]O[Tl]=O;4
 O=[V]O[V]=O;4
 O=[W](=O)=O;4
 [O-2].[O-2].[O-2].[Y+3].[Y+3];4
 O1[Pb]O[Pb]12O[Pb]O2;4
 O=P(=O)OP(=O)=O;4
 O=[Sb](=O)O[Sb](=O)=O;4
 O=[V](=O)O[V](=O)=O;1
 [P-3].[P-3].[Zn+2].[Zn+2].[Zn+2];4
 P12P3P1SP(S2)S3;4
 S=[Pb];1
 S=[Mo]=S;4
 O=[Pb];4
 O=[Cu];1
 O=[Al]O[Al]=O.O=[Si]=O;0
 C(C(F)(Cl)Cl)(F)(F)F;4
 C1=C(C=C(C2=C1C(=C(C=C2Cl)Cl)Cl)Cl)Cl;4
 C1=CC=C2C(=C1)C=C(C(=C2Cl)Cl)Cl;4
 C=CC1=CC=CC=C1C=C;2
 B1(OB2OB(OB(O1)O2)[O-])[O-].[Na+].[Na+];3
 CC1CCC(=O)CC1;4
 CCCCCCCCCCCCC1=CC=CC=C1S(=O)(=O)[O-].[NH4+];4
 B([O-])([O-])[O-].B([O-])([O-])[O-].[Zn+2].[Zn+2].[Zn+2];4
 [HH];4
 O=[Cr](=O)=O;1
 F.[F-].[Na+];4
 [C];4
 CC(=O)O[Pb]OC(=O)C.O.O.O.O.[Pb].[Pb];4
 CC1=C(C=CC(=C1[N+](=O)[O-])[N+](=O)[O-])O;4
 C1=CC(=C(C2=C1C(=C(C(=C2Cl)Cl)Cl)Cl)Cl)Cl;4
 C1=CC=C2C(=C1)C(=C(C(=C2Cl)Cl)Cl)Cl;4
 [NH4+].[OH-];0
 C1=C(C=C(C(=C1Cl)Cl)Cl)C2=CC(=C(C(=C2)Cl)Cl)Cl;1
 CCC(C)(OO)OOC(C)(CC)OO;0
 [Na+].S;4
 [O-2].[O-2].[O-2].[Al+3].[Al+3];4
 [O-][Cr](=O)(=O)[O-].[Pb+2];4
 O.OP([O-])[O-].OP([O-])[O-].O=[Pb].O=[Pb].O=[Pb].O=[Pb].[Pb+2].[Pb+2];4
 S=[Hg];4
 S=[Sb]S[Sb]=S;4
 COC1=C2C3=C(C(=O)OCC3)C(=O)OC2=C4C5C=COC5OC4=C1;4
 C1=CC(=C(C=C1Cl)Cl)F;4
 CC(C)(C)C1=CC(=CC(=C1)C(C)(C)C)C(C)(C)C;4
 CCCC[Sn](CCCC)(CCCC)Cl;1
 CCCC[Sn](CCCC)(CCCC)CCCC;1
 C1C(O1)C2CO2;4
 CN(C)C#N;4
 C1=CC=C2C(=C1)C=C3C=CC=CC3=C2CO;4
 C1=CC(=CC(=C1)CN)CN;3
 C(F)(F)(F)S(=O)(=O)O;4
 CC1(CC2=C(O1)C(=CC=C2)OC(=O)NC)C;1
 CCCOCC(C)O;4
 CCOCC(C)O;4
 CC1=C(C=CC(=C1)Cl)O;1
 CC1=CC=C(C=C1)S(=O)(=O)NN;4
 CCCN(CCC)C1=C(C=C(C=C1[N+](=O)[O-])C(F)(F)F)[N+](=O)[O-];1
 C([N+](=O)[O-])([N+](=O)[O-])(Cl)Cl;4
 [Si]#[Si];4
 CN(C)NC(=O)CCC(=O)O;3
 CCNNCC;4
 C(CCl)S(=O)(=O)Cl;4
 CC(C)OP(=O)(O)O;4
 CC(C)(C)OC;0
 C1=CC(=C(C=C1Cl)N)[N+](=O)[O-];4
 CCCCCCCCCCCC[N+](C)(C)[O-];1
 CC(C)(C)OC(=O)C=C;0
 CC(C)(C1=CC=C(C=C1)OCC2CO2)C3=CC=C(C=C3)OCC4CO4;2
 CCC1CCCCC1;1
 CCN(CC1=CC(=CC=C1)S(=O)(=O)[O-])C2=CC=C(C=C2)C(=C3C=CC(=[N+](C)C)C=C3)C4=CC=C(C=C4)N(CC)CC5=CC(=CC=C5)S(=O)(=O)[O-].[Na+];4
 C1=CC=C(C=C1)N2C(=O)C(=C(C=N2)N)Cl;1
 CC(F)(Cl)Cl;3
 CN(C)CCC#N;0
 C1=C2C(=CC(=C1Cl)Cl)OC3=CC(=C(C=C3O2)Cl)Cl;4
 CC(=NNC(=S)N)C;4
 C(=N)(N)S(=O)O;0
 C1CC(CCC1CC2CCC(CC2)N)N;2
 C(#N)[S-].[NH4+];4
 C(C(C(C(C(F)(F)S(=O)(=O)O)(F)F)(F)F)(F)F)(C(C(C(F)(F)F)(F)F)(F)F)(F)F;2
 CC[Si](Cl)Cl;4
 CN(C)C(=S)S[Sn](C1=CC=CC=C1)(C2=CC=CC=C2)C3=CC=CC=C3;4
 CCCCCCCCC1=CC=C(C=C1)O;1
 CCCCO[P+](=O)OCCCC;4
 C1=CC(=CC=C1[N+](=O)[O-])OC2=C(C=C(C=C2)Cl)Cl;1
 CCCCOCNC(=O)C=C;4
 C(N1C(C(N(C1=O)CO)O)O)O;0
 CCCCN(CC)C1=C(C=C(C=C1[N+](=O)[O-])C(F)(F)F)[N+](=O)[O-];1
 CC1=CC(=C(C(=C1)C(C)(C)C)O)C;2
 C1=CC=C(C=C1)OC(=O)Cl;4
 C(#N)C1=C(C(=C(C(=C1Cl)Cl)Cl)C#N)Cl;1
 C[N+]1=CC=C(C=C1)C2=CC=[N+](C=C2)C.[Cl-].[Cl-];1
 CCNC1=NC(=NC(=N1)Cl)NC(C)C;1
 COC(=O)NC1=CC(=C(C=C1)Cl)Cl;4
 CCCN(CCC)C(=O)SCCC;1
 C1=CC(=NC(=C1)Cl)C(Cl)(Cl)Cl;2
 CC(C)(C)OOC(=O)C=CC(=O)O;4
 C1=CC(=CC=C1N=NC2C(=NN(C2=O)C3=CC=C(C=C3)S(=O)(=O)[O-])C(=O)[O-])S(=O)(=O)[O-].[Na+].[Na+].[Na+];0
 C1=CC=C(C=C1)N=NC2=C(C3=C(C(=C(C=C3C=C2S(=O)(=O)[O-])S(=O)(=O)[O-])N=NC4=CC=C(C=C4)C5=CC=C(C=C5)N=NC6=C(C=C(C=C6)N)N)N)O.[Na+].[Na+];0
 C(CN(CC(=O)O)CC(=O)O)CN(CC(=O)O)CC(=O)O;4
 CC(C)(C)C1=C(C=CC(=C1)O)O;1
 C=CC1=CC=CC=C1Cl;4
 C(=O)(C(=O)O)O.C(=O)(C(=O)O)O.[Th];4
 C[N+]1=CC=C(C=C1)C2=CC=[N+](C=C2)C.COS(=O)(=O)[O-].COS(=O)(=O)[O-];4
 CN(CCC(CC(=O)NC1C=CC(OC1C(=O)O)N2C=CC(=NC2=O)N)N)C(=N)N;4
 CCCCCCCCCCCCCCCCCCOC(=O)CCC1=CC(=C(C(=C1)C(C)(C)C)O)C(C)(C)C;2
 CCOP(=S)(C1=CC=CC=C1)OC2=CC=C(C=C2)[N+](=O)[O-];1
 C1=CC(=C(C(=C1)Cl)F)[N+](=O)[O-];4
 CCCC[Sn](CCCC)(CCCC)OC(=O)C(=C)C;1
 CCCSSCC=C;4
 CC(C)NC(=O)C=C;4
 CC1=CC=CC=C1OCC2CO2;4
 CCSC(=O)N1CCCCCC1;2
 CC1CCC(C(C1)O)C(C)C;0
 CCCCCCCCCCCCCCCCCC(=O)[O-].CCCCCCCCCCCCCCCCCC(=O)[O-].[Cd+2];1
 C1(=C(C(C(=C1Cl)Cl)(C2(C(=C(C(=C2Cl)Cl)Cl)Cl)Cl)Cl)Cl)Cl;1
 C(=S)(NN)NN;4
 C12=C(C(=C(C(=C1Cl)Cl)Cl)Cl)C(=C(C(=C2Cl)Cl)Cl)Cl;4
 C1=CC2=C(C=CC=C2N)C(=C1)N;2
 CCC(C)[O-].CCC(C)[O-].CCC(C)[O-].[Al+3];4
 COP(=O)(OC)OC(=CCl)C1=C(C=C(C=C1)Cl)Cl;4
 CCOP(=S)(OCC)SCSC1=C(C=CC(=C1)Cl)Cl;4
 CC(C(=O)NC)SCCSP(=O)(OC)OC;4
 CCC[Sn](CCC)(CCC)Cl;1
 CC(C)N(C(C)C)C(=O)SCC(=CCl)Cl;2
 CCOP(=S)(OCC)SCN1C2=C(C=C(C=C2)Cl)OC1=O;1
 CC(C)(C)C1=CC=C(C=C1)OC2CCCCC2OS(=O)OCC#C;1
 CC1=CC(=CC(=C1[O-])[N+](=O)[O-])[N+](=O)[O-].[Na+];2
 C(F)(F)(F)I;4
 COP(=O)(OC1CCCCC1)SC2=CC=C(C=C2)Cl;4
 C12(C3(C4(C5(C3(C(C1(C5(C2(C4(Cl)Cl)Cl)Cl)Cl)(Cl)Cl)Cl)Cl)Cl)Cl)Cl;1
 C1=C(C(=NC(=C1Cl)Cl)Cl)Cl;2
 CC1(CC(CC(N1)(C)C)O)C;0
 CC1=CC(=C(C=C1)O)C(C)(C)C;2
 CC[O-].CC[O-].[Mg+2];4
 CC1=C(C(=C(C=C1)C)O)C;2
 C1=CC2=C(C=C1C(=O)C3=CC4=C(C=C3)C(=O)OC4=O)C(=O)OC2=O;4
 C1C(O1)COCCCCOCC2CO2;3
 COC1=C(C=CC(=C1)C2=CC(=C(C=C2)N=NC3=C(C4=C(C=C(C=C4C=C3S(=O)(=O)[O-])S(=O)(=O)[O-])N)O)OC)N=NC5=C(C6=C(C=C(C=C6C=C5S(=O)(=O)[O-])S(=O)(=O)[O-])N)O.[Na+].[Na+].[Na+].[Na+];4
 C=C(C(CCl)Cl)Cl;1
 C(CCCCCN)CCCCC(=O)O;0
 CN(C)CCOC(=O)C=C;2
 C1C(O1)CN2C(=O)N(C(=O)N(C2=O)CC3CO3)CC4CO4;0
 CN(C)C1=CC=C(C=C1)C(=N)C2=CC=C(C=C2)N(C)C.Cl;1
 C1=CC(=C2C(=C1N)C(=O)C3=C(C=CC(=C3C2=O)N)N)N;4
 CNC(=S)N(C)C;0
 COP(=S)(OC)Cl;4
 CCCCOP(=O)(OCCCC)OC1=CC=CC=C1;1
 CO[Si](CCCOCC1CO1)(OC)OC;3
 CO[Si](CCCCl)(OC)OC;0
 FS(F)(F)(F)(F)F;4
 CCCCCCCCCCCCCCCCCC[N+](C)(C)[O-];1
 C1CC(CC(C1)CN)CN;4
 CC1=C(C=CC(=C1)O)[N+](=O)[O-];2
 CCOC1=NC(=NS1)C(Cl)(Cl)Cl;1
 CCOC(=O)N(C)C(=O)CSP(=S)(OCC)OCC;4
 C1=CC(=CC=C1C2=CC=C(C=C2)N=NC3=C(C4=C(C=C(C=C4C=C3S(=O)(=O)[O-])S(=O)(=O)[O-])N)O)N=NC5=C(C6=C(C=C(C=C6C=C5S(=O)(=O)[O-])S(=O)(=O)[O-])N)O.[Na+].[Na+].[Na+].[Na+];4
 CCCCCCCCCCCC(=O)[O-].CCCCCCCCCCCC(=O)[O-].[Cd+2];4
 CCCCCCCCCC[N+](C)(C)[O-];4
 CC(C)(CCC(C)(C)OOC(=O)C1=CC=CC=C1)OOC(=O)C2=CC=CC=C2;4
 CC1=CC(=CC(=C1)OC(=O)NC)C(C)C;4
 CC(C)C1=CC=CC=C1OC(=O)NC;1
 C1=CC=C2C(=C1)C(=O)NS2;1
 COP(=S)(OC)OC1=CC=C(C=C1)C#N;1
 CC1=CC=CC=C1N=NC2=C(C=CC3=CC=CC=C32)O;4
 CC1=CC(=CC(=C1)OC(=O)NC)C;1
 CC(O)(P(=O)(O)[O-])P(=O)([O-])[O-].[Na+].[Na+].[Na+];4
 CCS(=O)CC(C)SP(=O)(OC)OC;4
 COC1=CC(=C(C=C1Cl)OC)Cl;2
 CCN1CCCC1=O;4
 C1N(CN(CN(CN1[N+](=O)[O-])[N+](=O)[O-])[N+](=O)[O-])[N+](=O)[O-];0
 C1=CC=C(C(=C1)C=C(C#N)C#N)Cl;1
 O=S(=O)(F)F;4
 C(C(=O)[O-])C(=O)[O-].[Tl+].[Tl+];4
 CNC1=C(C=C(C=C1)N(CCO)CCO)[N+](=O)[O-];4
 C(C(C(C(C(F)(F)S(=O)(=O)[O-])(F)F)(F)F)(F)F)(C(C(C(F)(F)F)(F)F)(F)F)(F)F.[K+];2
 C1=CC=C2C(=C1)C(=O)C(=C(C2=O)Cl)N;1
 CCCOCCO;0
 CC(O)(P(=O)(O)O)P(=O)(O)O;0
 CCC(C)C1=C(C(=CC(=C1)[N+](=O)[O-])[N+](=O)[O-])OC(=O)C;4
 CC1=CC(=C(C=C1)O)N=NC2=CC=C(C=C2)NC(=O)C;4
 CC1=C(C=C(C=C1)N)O;4
 C(C(F)(F)F)(F)Cl;4
 CC1(CC(CC(C1)(C)CN)N)C;0
 CC(=C)C(=O)OCCN(C)C;2
 CC(=O)CC(C)(C)NC(=O)C=C;4
 C1(=O)[N-]C(=O)N(C(=O)N1Cl)Cl.[Na+];1
 CCOP(=S)(OCC)OC1=NC(=C(C=C1Cl)Cl)Cl;1
 C=CCOC(=O)Cl;4
 CC1=C(C(=O)C(=C(N1)C)Cl)Cl;4
 CCCCC(CC)C(=O)OOC(C)(C)C;1
 CC(C)(C)OOC1(CCCCC1)OOC(C)(C)C;4
 CN(C)CCN(C)CCN(C)C;4
 CN(C)CCOCCN(C)C;4
 C=CC1CC2CC1C=C2;4
 C1C=CCC2C1CC=C2;1
 CC1CC(=O)O1;4
 CCOP(=S)(OCC)OC1=CC=C(C=C1)S(=O)(=O)N(C)C;4
 CCCCCCCCCCCC(=O)O[Sn](CCCC)(CCCC)CCCC;1
 CCCC[P+](CCCC)(CCCC)CCCC.[Br-];4
 CC1=C(C=CC(=C1)O)SC;3
 COCCOC(=O)C=C;4
 C1CCC(CC1)NC2CCCCC2.N(=O)O;4
 C1C(O1)CBr;4
 CC1=C(C=CC(=C1)Cl)N.Cl;4
 C1=CC2=C(C=CC=C2N=C=O)C(=C1)N=C=O;4
 C1=CC(=C(C(=C1)Cl)Cl)[N+](=O)[O-];2
 CC1=CC(=C(C2=CC(=C(C=C2)N)C)C3=CC(=C(C=C3)N)C)C=CC1=N.Cl;4
 CSCCC=O;0
 C1=CC(=CC=C1N=NC2=CC(=C(C(=C2)Br)O)Br)[N+](=O)[O-];4
 CC(C)(C)C(=O)Cl;4
 C(C(CO)(CBr)CBr)O;4
 COP(=O)(OC)SC1=CC=C(C=C1)Cl;4
 CCCCCCCCCCCCCC[N+](C)(C)[O-];1
 CC(C)(C#N)C(C)(C)C#N;4
 C1=CC=C2C(=C1)C(=O)C3=C(C2=O)SC(=C(S3)C#N)C#N;1
 C1=CC(=C(C=C1Cl)O)OC2=C(C=C(C=C2)Cl)Cl;1
 COP(=S)(OC)OC1=CC=C(C=C1)SC2=CC=C(C=C2)OP(=S)(OC)OC;1
 CCCCCC(C=C)O;4
 CC(CCO)CC(C)(C)C;3
 CC(C)(C)OOC(C)(C)C1=CC=CC=C1;4
 C=CC(=O)OCC(CO)(COC(=O)C=C)COC(=O)C=C;4
 C1=C(C=C(C(=C1[N+](=O)[O-])N)Cl)[N+](=O)[O-];4
 C1=C(OC(=C1)[N+](=O)[O-])C2=CSC(=N2)NNC=O;4
 CC(=O)NC1=CC(=C(C=C1N=NC2=C(C=C(C=C2Br)[N+](=O)[O-])[N+](=O)[O-])OC)N(CCOC(=O)C)CCOC(=O)C;4
 CCCCCCCCCCCOC(=O)C1=CC=CC=C1C(=O)OCCCCCCCCCCC;4
 CCCCCCCOC(=O)C1=CC=CC=C1C(=O)OCCCCCCC;2
 CCOP(=S)(OCC)OP(=S)(OCC)OCC;1
 C1=CC=C(C=C1)C(C2=CC=C(C=C2)Cl)C(=O)C3C(=O)C4=CC=CC=C4C3=O;4
 CC1=CC2=CC=CC=C2C3=C1C4=CC=CC=C4C=C3;4
 CCN(CC)C(=S)[S-].[K+];4
 C=CCCCCC=C;4
 CCN(CC)O;0
 CC=CC(=O)O;4
 CC1=C(C=CC(=C1)OP(=S)(OC)OC)S(=O)C;1
 CC1=CC(=C(C=C1)N=NC2=C3C=CC(=CC3=CC(=C2O)S(=O)(=O)[O-])S(=O)(=O)[O-])C.[Na+].[Na+];4
 CCC(C)C1=CC=CC=C1OC(=O)NC;1
 CCOP(=S)(C1=CC=CC=C1)OC2=C(C=C(C=C2)Cl)Cl;4
 C1COCCN1CC2CN(C(=O)O2)N=CC3=CC=C(O3)[N+](=O)[O-];4
 COP1(=S)OCC2=CC=CC=C2O1;4
 C1=CC(=S)N(C=C1)[O-].[Na+];2
 C(=O)(C(C(C(C(C(C(C(F)(F)F)(F)F)(F)F)(F)F)(F)F)(F)F)(F)F)[O-].[NH4+];0
 CC(C)(C)C1=CC(=C(C(=C1)N2N=C3C=CC=CC3=N2)O)C(C)(C)C;4
 CCCCCCCC(=O)OC1=C(C=C(C=C1I)C#N)I;1
 CC(C)(C)C1=CC(=C(C(=C1)N2N=C3C=CC(=CC3=N2)Cl)O)C(C)(C)C;4
 C(C(=O)[O-])Cl.[Na+];0
 CNC(=O)OC1=CC=CC=C1Cl;4
 CC(C)OCC1CO1;4
 CCCCCCCCCCCCCCC(C(=O)OC)S(=O)(=O)[O-].[Na+];2
 C(CNCCNCCNCCNCCN)N;1
 C=CC(=O)OCCOCCOC(=O)C=C;4
 CC1(CC(CC(C1)(C)CN=C=O)N=C=O)C;3
 [SiH2](Cl)Cl;4
 CCC1=CC(=C(C(=C1)C(C)(C)C)O)C(C)(C)C;1
 CC(C)(C1=CC(=C(C(=C1)Br)OCCO)Br)C2=CC(=C(C(=C2)Br)OCCO)Br;4
 CCC(C(=O)O)Cl;4
 CC=CC=O;2
 CC(=O)O[Si](C)(OC(=O)C)OC(=O)C;0
 CC(=C)C1=CC=C(C=C1)O;2
 CC(C)COCCO;4
 COCO;4
 CN(C=C)N=O;4
 C(C(C#N)Br)Br;4
 C(=C(Cl)Cl)([N+](=O)[O-])Cl;4
 C[N+]1=CC=C(C=C1)C2=CC=[N+](C=C2)C;1
 CCCC[Sn](CCCC)(CCCC)OC(=O)C1=CC=CC=C1C(=O)O[Sn](CCCC)(CCCC)CCCC;4
 CC(C)(C)NC(=O)OC1=CC=CC(=C1)NC(=O)N(C)C;4
 C1CC=CCCC=CCCC=C1;4
 C1CCC(CC1)N(C2CCCCC2)SC3=NC4=CC=CC=C4S3;4
 C=CC(=O)OCC(COC(=O)C=C)(COC(=O)C=C)COC(=O)C=C;4
 CC(=C)C(=O)OCC[N+](C)(C)C.[Cl-];4
 C(C(=O)[O-])N(CC(=O)[O-])CC(=O)[O-].[Na+].[Na+].[Na+];0
 C1CC(CCC1CC2CCC(CC2)N=C=O)N=C=O;2
 C1=CC(=C(C=C1N)N)Cl;4
 CCCCOCC(C)O;0
 C1=CC(=CC=C1C(Cl)(Cl)Cl)Cl;4
 CC1CC(C2(C13CC(C(C24COC4=O)(C)O)OC(=O)C3O)O)O;4
 NS(=O)(=O)O;3
 COCCCN;4
 CCOC(=O)CSC#N;4
 CC(=CCCC(=CC=O)C)C;0
 CCOC(=O)CC(C)O;4
 CC(CC=O)CC(C)(C)C;4
 CCC(C)C1=C(C(=CC=C1)C(C)CC)O;1
 C1=CC2=C3C(=C1)C=CC4=C(C=CC(=C43)C=C2)[N+](=O)[O-];1
 CCCC[O-].CCCC[O-].CCCC[O-].CCCC[O-].[Ti+4];4
 COP(=S)(OC)OC1=NC(=C(C=C1Cl)Cl)Cl;1
 C1C(O1)C(=O)N;4
 CCC1=CC=C(C=C1)C2=CC=CC=C2;1
 CCCCC(CC)COP(=S)(OCC(CC)CCCC)S;4
 C1=CC=C(C(=C1)CC2=CC=C(C=C2)N=C=O)N=C=O;4
 CC1=C(C(=O)N(C(=O)N1)C(C)(C)C)Cl;1
 CN(C1=CC=CC2=CC=CC=C21)C(=O)CF;4
 CC(=O)[O-].CC(=O)[O-].O.O.[Zn+2];4
 CC1=CCC(CC1)C(=C)C;1
 CC(=O)[O-].CC(=O)[O-].O.[Cu+2];4
 C1CNP(=O)(OC1)N(CCCl)CCCl.O;4
 CC(=O)[O-].CC(=O)[O-].O.O.O.O.[Co+2];4
 CC1=C(C=CC(=C1)Cl)N=CN(C)C;1
 CC1=CC(=C(C=C1)C)C(C)C2=CC=CC=C2;1
 CCCCCCCCCCCCCCCCCC(=O)NCCC[N+](C)(C)CC(=O)[O-];4
 CC(C)NC1=NC(=NC(=N1)N)Cl;2
 CCCCCCOC(=O)C1=CC=CC=C1O;4
 C(SC#N)SC#N;1
 COC1=CC(=C(C=C1)OC)N=NC2=C(C=CC3=CC=CC=C32)O;4
 CC(C)(CC(=C)C1=CC=CC=C1)C2=CC=CC=C2;1
 CC1=C(C=CC(=C1)N)N.OS(=O)(=O)O;4
 CC(=O)NC1=CC(=C(C=C1)OC)N;4
 CC(C)(C)C1=CC(=CC(=C1O)C(C)(C)C)CCC(=O)OC;2
 CC1=CC(=CC(=C1N(CC=C)CC=C)C)OC(=O)NC;4
 CCC(C)C1=C(C(=CC(=C1)[N+](=O)[O-])[N+](=O)[O-])O.C(CO)N(CCO)CCO;4
 CC(CO[N+](=O)[O-])O[N+](=O)[O-];4
 C[As](=O)([O-])[O-].[Ca+2];4
 C(=O)([O-])[O-].C(=O)([O-])[O-].C(=O)([O-])[O-].[Cr+3].[Cr+3];4
 CCCC[Sn](CCCC)(CCCC)OC(=O)C=CC(=O)O[Sn](CCCC)(CCCC)CCCC;4
 CC1=CC=C(C=C1)S(=O)(=O)OC2=CC=C(C=C2)N=NC3=C(C=C(C=C3)C4=CC(=C(C=C4)N=NC5=C(C=CC6=CC(=CC(=C65)S(=O)(=O)[O-])S(=O)(=O)[O-])O)C)C.[Na+].[Na+];4
 COP(=O)([O-])OC=C(Cl)Cl.COP(=O)([O-])OC=C(Cl)Cl.COP(=O)(OC)OC=C(Cl)Cl.[Ca+2];4
 [NH4+].[N+](=O)([O-])[O-];0
 CC1=CCC(CC1=O)C(=C)C;4
 CCCC[Sn](CCCC)(CCCC)OS(=O)(=O)N;4
 C(=O)([O-])[O-].[Tl+].[Tl+];4
 C1CSC2=NC(CN21)C3=CC=CC=C3;4
 CC1CC(CC(C1)(OOC(C)(C)C)OOC(C)(C)C)(C)C;4
 CC(C)CC(C)(C1=CC=C(C=C1)O)C2=CC=C(C=C2)O;2
 [O-][Si](=O)[O-].[Na+].[Na+];0
 CC=CCC=CCC=CCC=C;1
 CC(C)C(C(C)(C)COC(=O)C(C)C)OC(=O)C(C)C;3
 CC1CC(CCC1N)CC2CCC(C(C2)C)N;2
 C(C(C(=O)O)O)C(=O)O;4
 CC(=CC(=O)NC)OP(=O)(OC)OC;1
 CNC(=O)OC1=CC=CC=C1C2OCCO2;4
 CC1=C(C=CC(=C1)Cl)OC(C)C(=O)O;4
 CCOC(=O)C(=C)C#N;4
 C1=CC=C(C=C1)[Sn](C2=CC=CC=C2)(C3=CC=CC=C3)OC(=O)CCl;4
 CCCCCCCCCCCCCCCC[N+](C)(C)[O-];1
 CCCCCCCCCC[N+](C)(C)CCCCCCCCCC.[Cl-];1
 CC(C)NC1=NC(=NC(=N1)SC)NC(C)C;1
 CCCOP(=O)(OCCC)OC1=CC=C(C=C1)SC;4
 CCCCCCCCCC1=CC=C(C=C1)OCCOCCOCCOCCO;4
 CCCCCCCCCCN(C)CCCCCCCCCC;4
 CCCCOC(=O)CO;0
 [Al];4
 [Pb];4
 [Li];4
 [Mg];4
 [Mn];4
 [Hg];1
 [Mo];4
 [Ni];4
 [Rh];4
 [Si];4
 [Ag];4
 [Na];0
 [Sr];4
 [Ta];4
 [Tl];4
 [Sn];4
 [Ti];4
 [W];4
 [Sb];4
 [Ar];4
 [As];4
 [Ba];4
 [Be];4
 [B];4
 [Cd];1
 [Ce];1
 [Cr];4
 [Co];1
 [Cu];4
 [Hf];4
 [He];4
 [U];4
 [Y];4
 [Zn];1
 [Zr];4
 [Bi];4
 [Ca];4
 [In];4
 [O-]S(=O)(=O)[O-].[Pb+2];1
 [O-]S(=O)(=O)[O-].[Tl+].[Tl+];1
 O.[O-]S(=O)(=O)[O-].[Zn+2];4
 O.O.O.O.O.O.O.[O-]S(=O)(=O)[O-].[Zn+2];1
 [O-]P(=O)([O-])OP(=O)([O-])[O-].[Zn+2].[Zn+2];4
 [O-]P(=O)([O-])[O-].[O-]P(=O)([O-])[O-].[Pb+2].[Pb+2].[Pb+2];4
 [Al](Cl)(Cl)Cl;1
 Cl[Cu]Cl;1
 [Li+].[Cl-];3
 C1CC(OC1CO)N2C=CC(=NC2=O)N;4
 Cl[Hg]Cl;1
 [O-]S(=O)(=O)[O-].[Sn+2];4
 [Li+].[Br-];0
 II;1
 CCN1C2=C(C=C(C=C2)C=O)C3=CC=CC=C31;4
 C(#CCl)Cl;4
 [H-].[Li+];4
 CC(C)(C)OCCO;0
 [O-]P(=O)([O-])[O-].[Na+].[Na+].[Na+];3
 [O-]Cl(=O)(=O)=O.[Na+];4
 OCl(=O)(=O)=O;0
 O=[Si]=O;4
 OS(=O)[O-].[Na+];4
 [O-][Mo](=O)(=O)[O-].[Na+].[Na+];0
 [N+](=O)([O-])[O-].[Na+];0
 N(=O)[O-].[Na+];1
 Cl[V](Cl)(Cl)Cl;4
 [H-].[Na+];4
 Cl[Sn](Cl)(Cl)Cl;4
 Cl[Co]Cl;1
 Cl[Zn]Cl;1
 OS(=O)(=O)[O-].[K+];4
 Cl;0
 Cl[Sb](Cl)(Cl)(Cl)Cl;4
 CCCCC(CC)COC(=O)CS;1
 OP(=O)(O)O;0
 F;0
 N;0
 OS(=O)(=O)O;1
 [K+].[I-];4
 OS(=O)(=O)[O-].[Na+];0
 [F-].[Na+];0
 [O-]Cl.[Na+];1
 [O-]I(=O)=O.[Na+];3
 [O-]S(=O)S(=O)(=O)[O-].[Na+].[Na+];3
 CC(=CC1C(C1(C)C)C(=O)OCN2C(=O)C3=C(C2=O)CCCC3)C;1
 [N+](=O)(O)[O-];0
 O=[Zr].Cl.Cl;3
 CC(C1=CC=CC=C1)OC(=O)C=C(C)OP(=O)(OC)OC;1
 [S];4
 Cl[Fe](Cl)Cl;0
 Cl[Ni]Cl;1
 Cl[V](Cl)Cl;3
 [O-][Mn](=O)(=O)=O.[K+];1
 OO;0
 [O-]P(=O)([O-])OP(=O)([O-])[O-].[Na+].[Na+].[Na+].[Na+];0
 [P];4
 BrBr;1
 O=[V].Cl.Cl.Cl;4
 [O-]S(=O)(=O)OOS(=O)(=O)[O-].[K+].[K+];4
 N#N;4
 [O-]S(=O)(=O)[O-].[Ba+2];3
 [NH4+].[NH4+].[O-]S(=O)(=O)OOS(=O)(=O)[O-];3
 [O-]S(=O)(=O)[O-].[Zn+2];1
 CC(=CC(C)(C)CC(C)(C)C)C;4
 [N+](=O)([O-])[O-].[K+];0
 N(=O)[O-].[K+];2
 [O-]Cl=O.[Na+];1
 Cl[Cu];1
 Cl[Pb]Cl;1
 [O-][Cr](=O)(=O)[O-].[Pb+2];4
 [O-]S(=O)(=O)[O-].[Cu+2];1
 O.O.O.O.O.[O-]S(=O)(=O)[O-].[Cu+2];1
 [N+](=O)([O-])[O-].[Ag+];1
 Cl[Sn]Cl;1
 [NH4+].NS(=O)(=O)[O-];4
 I[Hg]I;4
 O.O[As](=O)(O)O.O[As](=O)(O)O;4
 [O-]S(=O)S(=O)[O-].[Na+].[Na+];3
 [O-]S(=O)(=O)OOS(=O)(=O)[O-].[Na+].[Na+];0
 [O-]S(=O)(=O)[O-].[Ca+2];0
 O[As](=O)(O)O;2
 O[As](=O)([O-])[O-].[Na+].[Na+];2
 [O-][As](=O)([O-])[O-].[O-][As](=O)([O-])[O-].[Ca+2].[Ca+2].[Ca+2];4
 [O-][Cr](=O)(=O)O[Cr](=O)(=O)[O-].[K+].[K+];1
 [O-]P(=O)([O-])[O-].[K+].[K+].[K+];0
 [O-]Cl.[O-]Cl.[Ca+2];1
 [O-]Cl(=O)(=O)=O.[K+];0
 [N+](=O)([O-])[O-].[N+](=O)([O-])[O-].[Zn+2];4
 [O-]P(=O)([O-])[O-].[O-]P(=O)([O-])[O-].[Zn+2].[Zn+2].[Zn+2];1
 [HH];4
 FF;4
 O=O;4
 [Se];4
 ClCl;4
 O.O.O.O.O.O.O.[O-]S(=O)(=O)[O-].[Fe+2];0
 [GeH4];4
 N=[N+]=[N-];4
 O[Se](=O)O;4
 [O-]S(=O)(=O)[O-].[Hg+2];1
 F[Pb]F;4
 F[Sn]F;4
 [F-].[F-].[Zn+2];4
 N(F)(F)F;4
 FP(F)F;4
 F[Sb](F)F;4
 FS(F)(F)F;4
 F[Si](F)(F)F;4
 F[Sb](F)(F)(F)F;4
 F[Se](F)(F)(F)(F)F;4
 F[W](F)(F)(F)(F)F;4
 [Ag]I;4
 N(=O)[O-].[Ag+];4
 O.O.O.O.O.O.[Al](Cl)(Cl)Cl;1
 Cl[As](Cl)Cl;4
 F[As](F)F;4
 F[As](F)(F)(F)F;4
 O[As](=O)([O-])[O-].[Mn+2];4
 O[As](=O)([O-])[O-].[Pb+2];4
 O[As](=O)(O)[O-].[K+];4
 [AsH3];4
 [O-][As]=O.[Na+];1
 Br[Ag];4
 [O-]S(=O)(=O)[O-].[Mn+2];3
 CC(=CC(=O)OC)OP(=O)(OC)OC;1
 [O-]S(=O)(=O)[O-].[Ni+2];2
 [F-].[F-].[Ba+2];4
 [Be+2].[F-].[F-];4
 [Be+2].O.O.O.O.[O-]S(=O)(=O)[O-];2
 [O-][Cr](=O)(=O)[O-].[K+].[K+];1
 O.O.[O-][Cr](=O)(=O)O[Cr](=O)(=O)[O-].[Na+].[Na+];1
 OS(=O)(=O)F;4
 [F-].[K+];2
 F[Tl];4
 FBr(F)(F)(F)F;4
 [O-]Br(=O)=O.[Na+];3
 Br[Tl];4
 Br[Hg]Br;4
 [O-]I(=O)(=O)=O.[Na+];4
 I[Tl];4
 [Li+].[N+](=O)([O-])[O-];4
 FCl(F)F;4
 OCl(=O)=O;4
 OS(=O)(=O)Cl;1
 [NH4+].[O-]Cl(=O)(=O)=O;4
 Cl[Tl];4
 O=S(=O)(Cl)Cl;4
 NO;4
 P;4
 [SbH3];4
 [NH4+].[O-][V](=O)=O;3
 NN.O;1
 [SiH4];4
 C=C1C(C2(C(C(C1(C2(Cl)Cl)Cl)Cl)Cl)Cl)(CCl)CCl;1
 CC1=C(C(=O)CC1OC(=O)C2C(C2(C)C)C=C(C)C)CC=CC=C.CC1=C(C(=O)CC1OC(=O)C2C(C2(C)C)C=C(C)C(=O)OC)CC=CC=C;1
 C1=C(C=C(C(=C1O)O)O)C2=[O+]C3=CC(=CC(=C3C=C2O)O)O.[Cl-];4
 OS(=O)(=O)O.O=S(=O)=O;4
 CCSCCOP(=S)(OC)OC.CCSCCSP(=O)(OC)OC;1
 CC(=O)O.C(CCCBr)CCO;1
 CCOP(=O)(OCC)SCCSCC.CCOP(=S)(OCC)OCCSCC;1
 C=CCl;4
 CC(C)(C)CC(C)(C)C1=CC=C(C=C1)OCCO;2
 OS(=O)(=O)O.[Fe];4
 C(C1C(C(C(C(O1)OC2C(OC(C(C2O[N+](=O)[O-])O[N+](=O)[O-])O[N+](=O)[O-])CO[N+](=O)[O-])O[N+](=O)[O-])O[N+](=O)[O-])OC3C(C(C(C(O3)CO[N+](=O)[O-])O[N+](=O)[O-])O[N+](=O)[O-])O[N+](=O)[O-])O[N+](=O)[O-];0
 CCCCCCCCCCCCOCCOS(=O)(=O)[O-].[Na+];2
 CCCCCCCCCC1=CC=C(C=C1)OCCOCCO;2
 C=O.C1=CC=C(C=C1)N=C=O;4
 C=CC(=O)O.C=CC(=O)O.[Na];4
 [N+](=O)([O-])[O-].[N+](=O)([O-])[O-].[Ba+2];0
 [N+](=O)([O-])[O-].[N+](=O)([O-])[O-].O.O.O.O.[Cd+2];1
 [N-]=[N+]=O;4
 S(SCl)Cl;0
 Cl[Cr](Cl)Cl;3
 [SiH](Cl)(Cl)Cl;4
 Cl[In](Cl)Cl;4
 O=P(Cl)(Cl)Cl;0
 Cl[Sb](Cl)Cl;3
 [Si](Cl)(Cl)(Cl)Cl;4
 Cl[Te](Cl)(Cl)Cl;4
 Cl[Zr](Cl)(Cl)Cl;4
 P(Cl)(Cl)(Cl)(Cl)Cl;4
 [N+](=O)([O-])[O-].[N+](=O)([O-])[O-].O.O.O.O.O.O.[Co+2];4
 O.O.O.O.O.O.O.[O-]S(=O)(=O)[O-].[Co+2];4
 [O-][O+]=O;4
 [O-][As]=O.[O-][As]=O.[Pb+2];4
 [N+](=O)([O-])[O-].[N+](=O)([O-])[O-].O.O.O.[Cu+2];1
 O.[O-]S(=O)(=O)[O-].[O-]S(=O)(=O)[O-].[Ca+2].[Ca+2];4
 [O-]Cl(=O)(=O)=O.[O-]Cl(=O)(=O)=O.[Mg+2];4
 I;4
 NN.OS(=O)(=O)O;4
 O.[O-]S(=O)(=O)[O-].[Mn+2];4
 Br;4
 [N+](=O)([O-])[O-].[N+](=O)([O-])[O-].[Sr+2];4
 B(O)(O)O;0
 [Cl-].[Cl-].[Ca+2];0
 [N+](=O)([O-])[O-].[N+](=O)([O-])[O-].[Hg+2];1
 O=Cl[O];1
 O.O.O.O.O.O.Cl[Cr](Cl)Cl;1
 [NH4+].[NH4+].O.O.Cl[Cu-2](Cl)(Cl)Cl;4
 O.O.[Cl-].[Cl-].[Cl-].[Cl-].[K+].[K+].[Cu+2];4
 [N+](=O)([O-])[O-].[N+](=O)([O-])[O-].[Pb+2];1
 O.O.[O-]S(=O)(=O)[O-].[Ca+2];0
 [O-]S(=O)(=O)[O-].[O-]S(=O)(=O)[O-].[O-]S(=O)(=O)[O-].[Cr+3].[Cr+3];1
 I[Pb]I;4
 O.O.O.O.O.O.[O-]S(=O)(=O)[O-].[Ni+2];4
 [O-][Se](=O)[O-].[Na+].[Na+];1
 [N]=O;4
 N(=O)[O];4
 [O-][As](=O)([O-])[O-].[Fe+3];4
 [O-][As](=O)([O-])[O-].[O-][As](=O)([O-])[O-].[Cu+2].[Cu+2].[Cu+2];4
 Cl[Cd]Cl;1
 Cl[Hg].Cl[Hg];1
 [O-]S(=O)(=O)[O-].[Cd+2];1
 [N+](=O)([O-])[O-].[N+](=O)([O-])[O-].[Ca+2];0
 [O-]S(=O)(=O)[O-].[Co+2];0
 [N+](=O)([O-])[O-].[N+](=O)([O-])[O-].[Co+2];0
 [NH4+].[O-]Cl(=O)=O;4
 [N+](=O)([O-])[O-].[N+](=O)([O-])[O-].O.O.O.O.O.O.[Zn+2];4
 O.O.O.O.O.[O-][Si](=O)[O-].[Na+].[Na+];4
 C(#N)C(C(=O)N)(Br)Br;1
 COP(=O)(N)SC;1
 [O-]S(=O)(=O)[O-].[Ag+].[Ag+];1
 B(Br)(Br)Br;4
 B(Cl)(Cl)Cl;4
 [O-][Cr](=O)(=O)[O-].[Ba+2];4
 CCOP(=S)(OCC)SC(CCl)N1C(=O)C2=CC=CC=C2C1=O;1
 CC(C(=O)O)O;0
 [Cl-].[Cl-].[Ba+2];3
 [N+](=O)([O-])[O-].[N+](=O)([O-])[O-].[N+](=O)([O-])[O-].[Bi+3];4
 [Li+].[Li+].[O-]S(=O)(=O)[O-];4
 [N+](=O)([O-])[O-].[N+](=O)([O-])[O-].[Mg+2];4
 [N+](=O)([O-])[O-].[N+](=O)([O-])[O-].[Mn+2];4
 C1=CC2=C(C(=C1)O)N=CC=C2.C1=CC2=C(C(=C1)O)N=CC=C2.[Cu];1
 CC(=CC1C(C1(C)C)C(=O)OCC2=COC(=C2)CC3=CC=CC=C3)C;1
 C1CCC(=C(C#N)C2=CC=CC=C2)CC1;1
 C1CCC(CC1)C2=CC=CC=C2C3=CC=CC=C3;4
 [N+](=O)([N+](=O)[O-])[O-];4
 S(Cl)Cl;4
 CCCCC(CC)COC(=O)CS[Sn](CCCC)(CCCC)SCC(=O)OCC(CC)CCCC;1
 [O-][Cr](=O)(=O)O[Cr](=O)(=O)[O-].[Na+].[Na+];1
 CCN(C)N=O;4
 COC(=O)NC1=NC2=CC=CC=C2N1;1
 CCC(C1C(CC(O1)(CC)C2CCC(C(O2)C)(CC)O)C)C(=O)C(C)C(C(C)CCC3=C(C(=C(C=C3)C)O)C(=O)O)O;4
 C1=CC(=C(C(=C1)Cl)Cl)C2=C(C(=C(C=C2)Cl)Cl)Cl;1
 [OH-].[O-][Cr](=O)(=O)[O-].[O-][Cr](=O)(=O)[O-].[K+].[Zn+2].[Zn+2];4
 [O-][Si](=O)[O-].[O-][Si](=O)[O-].[Pb];4
 [Na].[K];4
 [O-2].O=[Al]O[Al]=O.O=[Si]=O.[K+].[K+];4
 O[Si](=O)O.O[Si](=O)O.O[Si](=O)O.O[Si](=O)O.O[Si](=O)O.O[Si](=O)O.O[Si](=O)O.O[Si](=O)O.[Na+].[Na+].[Mg+2].[Mg+2].[Mg+2].[Fe+3].[Fe+3];4
 O.O[Si]([O-])([O-])[O-].O[Si]([O-])([O-])[O-].[Mg+2].[Mg+2].[Mg+2];4
 CC(=O)[O-].CC(=O)[O-].[O-][As]=O.[O-][As]=O.[O-][As]=O.[O-][As]=O.[O-][As]=O.[O-][As]=O.[Cu+2].[Cu+2].[Cu+2].[Cu+2];1
 [O-][Pb](=O)[O-].[Ca+2];4
 OP(=O)(O)O.O=[Mo](=O)=O.O=[Mo](=O)=O.O=[Mo](=O)=O.O=[Mo](=O)=O.O=[Mo](=O)=O.O=[Mo](=O)=O.O=[Mo](=O)=O.O=[Mo](=O)=O.O=[Mo](=O)=O.O=[Mo](=O)=O.O=[Mo](=O)=O.O=[Mo](=O)=O;4
 [O-2].[O-2].[Ni+2];4
 O.O.[Ni];4
 [O-][Sn](=O)[O-].[Na+].[Na+];4
 [O-][Ti](=O)[O-].[Pb+2];4
 CC(CNC(=S)[S-])NC(=S)[S-].[Zn+2];1
 C(CNC(=S)[S-])NC(=S)[S-].[Zn+2];1
 [NH4+].[F-];3
 [NH4+].[Cl-];0
 O.O.O.[O-][Sn](=O)[O-].[K+].[K+];4
 [O-][Sn](=O)[O-].[K+].[K+];4
 [OH-].[OH-].[O-][Si]([O-])([O-])O[Si](=O)O[Si]([O-])([O-])O[Si](=O)O[Si]([O-])([O-])O[Si]([O-])([O-])O[Si](=O)O[Si]([O-])([O-])[O-].[Fe+2].[Fe+2].[Fe+2].[Fe+2].[Fe+2].[Fe+2].[Fe+2];4
 [P];1
 [OH-].[OH-].[OH-].[OH-].[OH-].[OH-].[K+].[Sb+3];3
 O.O.O.[O-][Sn](=O)[O-].[Na+].[Na+];4
 [S-2].[Se-2].[Cd+2].[Cd+2];4
 S1[As]2S[As]3[As]1S[As]2S3;4
 B(=O)OB1OB2OB(OB(OB(O2)OB(O1)OB=O)[O-])[O-].O.O.O.O.[Na+].[Na+];4
 C(CNC(=S)[S-])NC(=S)[S-].[Mn+2];1
 O.O.O.O.O.O.O.O.O.O.O.O.O.O.O.O.O.O.O.O.O.O.O.O.O.O.O.O.O.O.[O-2].[O-][Si](=O)O[Si](=O)[O-].[Na+].[Al+3].[K+].[Ca+2];4
 [V].[Fe];4
 [O-]S(=O)(=O)[O-].[O-][Cr](=O)(=O)[O-].[O-][Mo](=O)(=O)[O-].[Pb+2].[Pb+2].[Pb+2];4
 C1CCC(CC1)NC(=O)N(CCCl)N=O;4
 C=CC(=O)OCCCCCCOC(=O)C=C;1
 CCOP(=S)(C1=CC=CC=C1)OC2=CC=C(C=C2)C#N;4
 CCOP(=S)(OCC)SCSC(C)(C)C;1
 C1CCC(CC1)[Sn](C2CCCCC2)C3CCCCC3.O;1
 [N+](=O)([O-])[O-].[N+](=O)([O-])[O-].[Ni+2];2
 CCN(CC)C(=O)C(=C(C)OP(=O)(OC)OC)Cl;1
 CC(=C)C(=O)[O-].CC(=C)C(=O)[O-].[Zn+2];1
 CCCSP(=O)(OCC)SCCC;1
 C1(=C(C(=C(C(=C1[N+](=O)[O-])[N+](=O)[O-])[N+](=O)[O-])[N+](=O)[O-])[N+](=O)[O-])[N+](=O)[O-];4
 CN(CC(=O)O)N=O;4
 CCOP(=O)(OCC)SCC1=CC=CC=C1;4
 CC(C)C(=O)NC1=CC(=C(C=C1)[N+](=O)[O-])C(F)(F)F;1
 [Be+2].[OH-].[OH-];4
 CC(C)(C[Sn](CC(C)(C)C1=CC=CC=C1)(CC(C)(C)C2=CC=CC=C2)O[Sn](CC(C)(C)C3=CC=CC=C3)(CC(C)(C)C4=CC=CC=C4)CC(C)(C)C5=CC=CC=C5)C6=CC=CC=C6;1
 CN(C)S(=O)(=O)Cl;4
 O.O.[O-]S(=O)(=O)[O-].[Ca+2];4
 [O-][Se](=O)(=O)[O-].[Na+].[Na+];1
 [N-]=[N+]=[N-].[N-]=[N+]=[N-].[Pb+2];4
 CC(COCC(C)OC)O;0
 [N+](=O)([O-])[O-].[N+](=O)([O-])[O-].O.O.O.O.O.O.[Mg+2];4
 Cl[Au](Cl)Cl;4
 Cl[Tl](Cl)Cl;4
 CCOC(=O)C1=CN2C(=CC(=N2)OP(=S)(OCC)OCC)N=C1C;4
 O=[Ti]=O;4
 [O-][As](=O)([O-])[O-].[Na+].[Na+].[Na+];1
 [O-]S(=O)(=O)[O-].[O-]S(=O)(=O)[O-].[O-]S(=O)(=O)[O-].[In+3].[In+3];4
 [O-]Cl(=O)(=O)=O.[O-]Cl(=O)(=O)=O.[Ba+2];4
 [O-][W](=O)(=O)[O-].[Na+].[Na+];4
 [O-]Cl(=O)=O.[O-]Cl(=O)=O.[Ba+2];4
 [O-]Cl.[O-]Cl.[Ba+2];4
 [N+](=O)([O-])[O-].[N+](=O)([O-])[O-].O.O.O.O.O.O.[Ni+2];4
 [Te];4
 [O-][Sb](=O)([O-])[O-].[O-][Sb](=O)([O-])[O-].[Pb+2].[Pb+2].[Pb+2];4
 C(CCCCN=C(N)N)CCCNCCCCCCCCN=C(N)N;4
 O.O.O.O.O.O.O.O.O.O.[O-][Cr](=O)(=O)[O-].[Na+].[Na+];4
 O.O.O.O.O.O.O.O.O.[O-][Si](=O)[O-].[Na+].[Na+];4
 CC(C)NCC(COC1=CC=CC2=C1C=CN2)O;4
 [O-][Cr](=O)(=O)[O-].[Zn+2];4
 O[Cr](=O)(=O)O[Cr](=O)(=O)O;4
 CC(C)(C)C(=O)CCl;4
 CCOP(=S)(OCC)OC1=NC2=CC=CC=C2N=C1;1
 O[P+](=O)O;0
 C1(=C(C(=C(C(=C1Br)Br)Br)Br)Br)C2=C(C(=C(C(=C2Br)Br)Br)Br)Br;0
 CC(CCl)OP(=O)(OC(C)CCl)OC(C)CCl;3
 C(C(CCl)OP(=O)(OC(CCl)CCl)OC(CCl)CCl)Cl;2
 Cl[Au-](Cl)(Cl)Cl.[K+];4
 [C-]#N.[C-]#N.[K+].[Cu+];4
 CCOC(=O)NC1=CC(=CC=C1)OC(=O)NC2=CC=CC=C2;2
 CC1=CC(=CC=C1)NC(=O)OC2=CC=CC(=C2)NC(=O)OC;1
 B(=O)[O-].B(=O)[O-].[Ba+2];4
 [O-][V](=O)=O.[Na+];2
 [O-][Se](=O)[O-].[Ba+2];4
 [N+](=O)([O-])[O-].[N+](=O)([O-])[O-].[N+](=O)([O-])[O-].[Tl+3];4
 [B-](F)(F)(F)F.[Na+];4
 [C-]#N.[C-]#N.[C-]#N.[C-]#N.[C-]#N.[N-]=O.O.O.[Na+].[Na+].[Fe+4];4
 [O-][Cr](=O)(=O)[O-].[Ca+2];4
 F[Al-3](F)(F)(F)(F)F.[Na+].[Na+].[Na+];2
 N(=O)[O-].N(=O)[O-].[Ca+2];4
 [B-](F)(F)(F)F.[B-](F)(F)(F)F.[Pb+2];3
 [B-](F)(F)(F)F.[NH4+];4
 C(C(OC(F)F)(F)F)(F)Cl;4
 [Li+].[O-]Cl;4
 CC1CCC(CC1)NC(=O)N(CCCl)N=O;4
 CCC1=NC=C(N=C1C)C;4
 CCCCN(CCCC)C(=S)[S-].CCCCN(CCCC)C(=S)[S-].[Ni+2];4
 CCC(C)N;0
 CCCCC(C)C(C)C.CCCC(C)CC(C)C.CC(C)CC(C)C(C)C;4
 C1=CC(=C(C=C1N=NC2=CC(=C(C=C2)Cl)Cl)Cl)Cl;4
 [B-](F)(F)(F)F.[K+];0
 C(=O)(C(=O)[O-])[O-].C(=O)(C(=O)[O-])[O-].C(=O)(C(=O)[O-])[O-].[Ti+3].[Ti+3];4
 C(=O)(C(=O)[O-])[O-].C(=O)(C(=O)[O-])[O-].C(=O)(C(=O)[O-])[O-].[NH4+].[NH4+].[NH4+].[Fe+3];4
 C(=O)(C(=O)O)O.N;4
 [C-]#N.[C-]#N.[C-]#N.[Na+].[Na+].[Cu+];4
 CCN(CC)C(=S)[S-].CCN(CC)C(=S)[S-].[Ni+2];4
 CCCC[Sn](CCCC)(CCCC)OC(=O)C=CC(=O)O[Sn](CCCC)(CCCC)CCCC;1
 [Li+].[B-](F)(F)(F)F;4
 C1=CC(=C(C=C1[N+](=O)[O-])[N+](=O)[O-])[O-].[K+];4
 CCN(CC)C(=S)[S-].CCN(CC)C(=S)[S-].[Zn+2];1
 CCCCCCCCC=CCCCCCCCC[N+](C)(C)[O-];4
 CCCCCCCCCC1=CC=C(C=C1)OCCOCCOCCOCCOCCOCCOCCOCCOCCO;4
 O=[Si]=O;4
 CN(C)C(=S)[S-].CN(C)C(=S)[S-].CN(C)C(=S)[S-].[Fe+3];1
 [B-](F)(F)(F)F.[B-](F)(F)(F)F.[B-](F)(F)(F)F.[Sb+3];4
 CC1=CN=C(C(=N1)C)C;4
 CCN1C=C(C(=O)C2=CC3=C(C=C21)OCO3)C(=O)O;2
 [B-](F)(F)(F)F.[B-](F)(F)(F)F.[Mg+2];4
 B(=O)[O-].B(=O)[O-].[Pb+2];4
 O.O=[Mg].O=[Mg].O=[Mg].O=[Si]=O.O=[Si]=O.O=[Si]=O.O=[Si]=O;4
 O=[Si]=O;4
 CCO[Si](C)C;4
 CC1=C(C(CCC1)(C)C)C=CC(=O)C;4
 C1=CC(=S)N(C=C1)[O-].C1=CC(=S)N(C=C1)[O-].[Cu+2];4
 [Na+].Cl[Au-](Cl)(Cl)Cl;4
 C1=C(C(=C(C(=C1[N+](=O)[O-])[O-])[N+](=O)[O-])[O-])[N+](=O)[O-].[Pb+2];2
 CN(C)C(CSC(=O)N)CSC(=O)N.Cl;1
 CN(C)C(CSC(=O)N)CSC(=O)N;1
 O=[Si]=O;4
 CC(C)(CC(C)(C#N)N=NC(C)(CC(C)(C)OC)C#N)OC;4
 CCCCCCCC[Sn](CCCCCCCC)(SCC(=O)OCC(CC)CCCC)SCC(=O)OCC(CC)CCCC;1
 [O-]P(=O)([O-])OP(=O)([O-])[O-].[Sn+2].[Sn+2];4
 CCC(COC(=O)C=C)(COC(=O)C=C)COC(=O)C=C;1
 CC(C)CC1=CC=C(C=C1)C(C)C(=O)O;2
 C(C(C(C(C(CO[N+](=O)[O-])O[N+](=O)[O-])O[N+](=O)[O-])O[N+](=O)[O-])O[N+](=O)[O-])O[N+](=O)[O-];4
 O([Hg])[Hg];4
 CN(C)CCCN1CN(CN(C1)CCCN(C)C)CCCN(C)C;3
 CCC1=C(C(=CC=C1)CC)N(COC)C(=O)CCl;1
 C1C(C2C(O1)C(CO2)O[N+](=O)[O-])O;4
 C1COCCN1C2=NC(=NC(=N2)NC3=CC(=C(C=C3)C=CC4=C(C=C(C=C4)NC5=NC(=NC(=N5)NC6=CC=CC=C6)N7CCOCC7)S(=O)(=O)[O-])S(=O)(=O)[O-])NC8=CC=CC=C8.[Na+].[Na+];2
 CC=C1CC2CC1C=C2;2
 C1CSC2=NC(CN21)C3=CC=CC=C3.Cl;4
 C(CCl)P(=O)(O)O;3
 [Na+].[SH-];0
 CC(=NOC(=O)NC)SC;1
 S=[Ni];4
 F[Si-2](F)(F)(F)(F)F.[Zn+2];4
 F[Si-2](F)(F)(F)(F)F.[K+].[K+];4
 [H+].[B-](F)(F)(F)F;4
 F[Si-2](F)(F)(F)(F)F.[Na+].[Na+];3
 F[Sb-](F)(F)(F)(F)F.[K+];4
 [NH4+].[NH4+].F[Si-2](F)(F)(F)(F)F;4
 [NH4+].[NH4+].Cl[Pt-2](Cl)(Cl)(Cl)(Cl)Cl;4
 [Na+].[Na+].Cl[Pt-2](Cl)(Cl)(Cl)(Cl)Cl;4
 F[Sb-](F)(F)(F)(F)F.[Na+];4
 [BH4-].[Na+];4
 F[Si-2](F)(F)(F)(F)F.[Mg+2];3
 [H+].[H+].F[Si-2](F)(F)(F)(F)F;3
 [O-][O-].[K+].[K+];4
 CCC1(CCC(O1)C2(CCC3(O2)CC(C(C(O3)C(C)C(C(C)C(=O)O)OC)C)O)C)C4C(CC(O4)C5C(CC(C(O5)(CO)O)C)C)C;4
 C1=CC(=CC=C1N=NC2=C(C3=C(C(=C(C=C3C=C2S(=O)(=O)[O-])S(=O)(=O)[O-])N=NC4=CC=C(C=C4)S(=O)(=O)CCOS(=O)(=O)[O-])N)O)S(=O)(=O)CCOS(=O)(=O)[O-].[Na+].[Na+].[Na+].[Na+];4
 CCOP(=O)(SC1=CC=CC=C1)SC2=CC=CC=C2;1
 F[Si-2](F)(F)(F)(F)F.[Ba+2];4
 C1=CC(=C(C=C1[N+](=O)[O-])C#N)N;4
 CCC(C)C1=CC(=C(C(=C1)C(C)(C)C)O)C(C)(C)C;4
 CC(C)(COCC1CO1)COCC2CO2;4
 CC(C(=O)OC)Cl;4
 CC[Si](OC(=O)C)(OC(=O)C)OC(=O)C;0
 COC1=C(C=C(C=C1Cl)[N+](=O)[O-])Cl;4
 C(CNC(=O)CCl)C#N;4
 C1CCC(CC1)SN2C(=O)C3=CC=CC=C3C2=O;1
 CCCCNC(=O)N1C2=CC=CC=C2N=C1NC(=O)OC;1
 CC(C)(C)C1=CC=C(C=C1)CCC=O;4
 CCSC1=CC=C(C=C1)OC(=O)NC;4
 [N-]=[N+]=[N-].[N-]=[N+]=[N-].[Ba+2];4
 CCOP(=S)(OCC)OC1=NOC(=C1)C2=CC=CC=C2;1
 CN(C(=O)NC1C(C(C(OC1O)CO)O)O)N=O;4
 O.O.O.O.O.O.F[Si-2](F)(F)(F)(F)F.[Mg+2];4
 CNC(=S)[S-].CNC(=S)[S-].[Zn+2];4
 C(C(=O)O)N(CC(=O)O)N;4
 [BH].[BH];4
 CCCCCCCCCCCCCC[N+](C)(C)CC.CCOS(=O)(=O)[O-];4
 CC1=C(C=CC(=C1)Cl)Cl;2
 C=CC(C(C(C(F)(F)F)(F)F)(F)F)(F)F;4
 CCOP(=S)(C1=CC=CC=C1)OC2=CC=C(C=C2)[N+](=O)[O-];4
 CC(C)OC1=C(C=C(C(=C1)N2C(=O)OC(=N2)C(C)(C)C)Cl)Cl;1
 CC(C)(C)C1=CC(=C(C(=C1)C(C)(C)C)O)C(=O)O;2
 CC1=C(C=CC(=C1)Cl)N=CN(C)C.Cl;4
 O.O.[Pb];4
 C1C(C(C(C(C1(I)I)(O)O)(I)I)C2=CC=CC=C2)(I)I;4
 CCCCCCCCCC[N+](C)(C)CCCCCCCCCC;4
 CC(=O)OC1CCCCC1C(C)(C)C;2
 CC(=O)OC1CCCCC1C(C)(C)C;4
 CC(COC(C)COC(C)COC)O;4
 COC1=C(C=CC(=C1)C2=CC(=C(C=C2)N)OC)N.Cl.Cl;4
 O=[Os](=O)(=O)=O;4
 C(#N)N.[Pb];4
 [Al]#P;1
 CCN(CC)C(=S)S[Te](SC(=S)N(CC)CC)(SC(=S)N(CC)CC)SC(=S)N(CC)CC;4
 O.O.[Cd];4
 CC(C)(C)C1=NN=C(N(C1=O)N)SC;1
 CC1CC(C2=C(C1(C)C)C=C(C(=C2)C(=O)C)C)(C)C;1
 [OH-].[Cs+];4
 CC1=CC(=C(C=C1C)N)C.Cl;4
 C1=CC=C2C(=C1)N=C(S2)SCSC#N;1
 COP(=S)(C1=CC=CC=C1)OC2=CC(=C(C=C2Cl)Br)Cl;1
 CCNC1=NC(=NC(=N1)Cl)NC(C)(C)C#N;1
 O=[Hg];4
 CCOP(=O)(NC(C)C)OC1=CC(=C(C=C1)SC)C;1
 COP(=O)(OC)OC(=CCl)C1=CC(=C(C=C1Cl)Cl)Cl;1
 CCC1(CCC(O1)C2(CCC3(O2)CC(C(C(O3)C(C)C(C(C)C(=O)[O-])OC)C)O)C)C4C(CC(O4)C5C(CC(C(O5)(CO)O)C)C)C.[Na+];4
 P#[In];4
 Cl[As](Cl)(Cl)(Cl)Cl;4
 C1=CC2=C(C=CC3=C2C(=C1)C4=C3C=C(C=C4)[N+](=O)[O-])[N+](=O)[O-];4
 CC1(OC2=C(O1)C(=CC=C2)OC(=O)NC)C;1
 C(C(C(=O)[O-])(F)F)(F)F.[Na+];2
 CCNC1=NC(=NC(=N1)SC)NC(C)C(C)C;1
 CC1=C(N=C(N=C1OC(=O)N(C)C)N(C)C)C;1
 CNC(=O)ON=C(C(=O)N(C)C)SC;1
 CCCCOCN(C1=C(C=CC=C1CC)CC)C(=O)CCl;1
 [O-][Mn](=O)(=O)=O.[O-][Mn](=O)(=O)=O.[Zn+2];4
 CNC(=O)OC1=CC=CC(=C1)N=CN(C)C.Cl;1
 CCN(CC)C1=NC(=CC(=N1)OP(=S)(OCC)OCC)C;1
 COC(=O)NC(=S)NC1=CC=CC=C1NC(=S)NC(=O)OC;1
 COCCOCCOCCOCCO;0
 CC(C)(C#C)NC(=O)C1=CC(=CC(=C1)Cl)Cl;2
 CCCOP(=S)(OCCC)SCC(=O)N1CCCCC1C;4
 C1=CC(=CC=C1CNC(=O)CF)Br;4
 CC(CO)OCC(C)OCC(C)O;0
 CCCCCC1C(CCC1=O)CC(=O)OC;3
 CC(C)(C)C1=C(C=CC(=C1)OC)O;2
 CCCCCCCCC=CCCCCCCCC(=O)NCCC[N+](C)(C)CC(=O)[O-];4
 CC(C)(C1=CC=C(C=C1)O)C2=CC=C(C=C2)O.C1C(O1)CCl;1
 CC1=C(C(=CC=C1)C)O;4
 CCCCCCCCCC1=CC=CC=C1O;1
 C1=CC=C(C(=C1)[N+](=O)[O-])[N+](=O)[O-];4
 CCC=C;4
 CC(=C)CC(C)(C)C;1
 C1=CC=C(C(=C1)O)Cl;4
 CCCC[Sn](CCCC)(SCC(=O)OCCCCCC(C)C)SCC(=O)OCCCCCC(C)C;4
 C1C(O1)CCl.C(CCC(=O)O)CC(=O)O.C(CNCCN)N;4
 C=O.C1=CC=C(C=C1)N;4
 CC(C)C(C(C)(C)COC(=O)C(C)C)O;0
 CCOP(=S)(NC(C)C)OC1=CC=CC=C1C(=O)OC(C)C;1
 CCSC(=O)COC1=C(C=C(C=C1)Cl)C;1
 CC(C)C1=CC=CC=C1C(C)C;1
 CCC[N+](=O)[O-];4
 CC(C)CCCCCCCO;3
 CC12CCCCC1C(=O)OC2=O;4
 C1=CC(=C(C(=C1)O)[N+](=O)[O-])[N+](=O)[O-];4
 CC1=C(C(=CC=C1)C)C;2
 C1CCCCC(C(C(CCCC1)(Br)Br)(Br)Br)(Br)Br;1
 CCN(CCNS(=O)(=O)C)C1=CC(=C(C=C1)N)C.CCN(CCNS(=O)(=O)C)C1=CC(=C(C=C1)N)C.OS(=O)(=O)O.OS(=O)(=O)O.OS(=O)(=O)O;4
 CCN(CCO)C1=CC(=C(C=C1)N)C.OS(=O)(=O)O;4
 F[Si-2](F)(F)(F)(F)F.[Pb+2];4
 F[Si-2](F)(F)(F)(F)F.[Mn+2];4
 CN(C)C=NC1=NN=C(O1)C=CC2=CC=C(O2)[N+](=O)[O-];4
 CCC(C)(C)C1=CC(=C(C(=C1)N2N=C3C=CC=CC3=N2)O)C(C)(C)CC;1
 CC(C)OP(=O)(OC(C)C)SCC1=CC=CC=C1;1
 C1=CC=C(C=C1)C2=CC(=CC=C2)C3=CC=CC=C3;4
 CCCC[Sn](CCCC)(CCCC)OC(=O)C1(CCCC2(C1CC=C3C2CCC(=C3)C(C)C)C)C;4
 CC1=CC(=C(C2=CC=C(C=C2)N)C3=CC(=C(C=C3)N)C)C=CC1=N.Cl;4
 CC1=CC=C(C=C1)OCC2CO2;4
 C1=CC(=CC=C1CC2=CC=C(C=C2)N=C=O)N=C=O;0
 CCCCCCCCN1C(=O)C=CS1;1
 CN(C)CCOC1=CC2=CC=CC=C2SC3=C1C=C(C=C3)Cl;4
 [N-]=[N+]=[N-].[Na+];1
 CC(C)CCCCCCCOC(=O)C1=CC=CC=C1C(=O)OCCCCCCCC(C)C;0
 CC1=CC=C(C=C1)N;4
 CC(C)CCCCCO;3
 O.O.O.O.O.[O-][Se](=O)[O-].[Na+].[Na+];1
 [O-][As]([O-])[O-].[O-][As]([O-])[O-].[Ca+2].[Ca+2].[Ca+2];4
 CCCCCCCCCCCCC1=CC=CC=C1S(=O)(=O)O;2
 CCCCC(CC)CO[N+](=O)[O-];4
 C1C2=C(C(=C(C(=C2Cl)Cl)Cl)Cl)C(=O)O1;4
 C=CCOC1=NS(=O)(=O)C2=CC=CC=C21;2
 CCCCCCCCCCCC1=CC(=CC=C1)S(=O)(=O)[O-].[Na+];0
 C1=CC(=C(C(=C1C2=C(C(=C(C(=C2Br)Br)Br)Br)Br)Br)Br)Br;4
 CCCCOP(=O)(SCC)SCC1=CC=CC=C1;4
 CC(C1=CC=C(C=C1)O)(C2=CC=C(C=C2)O)C3=CC=C(C=C3)O;2
 CC(C)(C)NC1=NC(=NC(=N1)NC2CC2)SC;1
 CCN(CC)C(=O)SCC1=CC=C(C=C1)Cl;1
 CCCCCCCCCCCCCCC1=CC=C(C=C1)S(=O)(=O)[O-].[Na+];0
 C1=CC(=C(C=C1C2=CC(=C(C=C2)N=NC3=C(C4=C(C=C(C=C4C=C3S(=O)(=O)[O-])S(=O)(=O)[O-])N)O)O)O)N=NC5=C(C6=C(C=C(C=C6C=C5S(=O)(=O)[O-])S(=O)(=O)[O-])N)O.[Na+].[Na+].[Na+].[Na+].[Cu].[Cu];4
 CC(=CC1C(C1(C)C)C(=O)OCC2=COC(=C2)CC3=CC=CC=C3)C;1
 C1=CC(=C(C=C1OC2=CC(=C(C=C2)N)Cl)Cl)N;4
 CCCCCCCCCCCCC1=C(C=CC=C1S(=O)(=O)O)OC2=CC=CC=C2S(=O)(=O)O;4
 CC(C)CCCCCCOC(=O)C1=CC=CC=C1C(=O)OCCCCCCC(C)C;0
 C1=CC=C2C(=C1)C=C(C=C2Cl)Cl;4
 C1(=C(C(=C(C(=C1Cl)Cl)Cl)Cl)Cl)C(=C(Cl)Cl)Cl;1
 CC(=CCCC(C)(C#C)O)C;3
 CCN(CC)C1=NC(=CC(=N1)OP(=S)(OC)OC)C;1
 C=CC(=O)OCC(COCC(COC(=O)C=C)(COC(=O)C=C)COC(=O)C=C)(COC(=O)C=C)COC(=O)C=C;4
 CC(C)CCCCCOC(=O)C=C;1
 COC1=CC(=CC(=C1O)OC)C2C3C(COC3=O)C(C4=CC5=C(C=C24)OCO5)OC6C(C(C7C(O6)COC(O7)C8=CC=CS8)O)O;4
 CCCCOCC(C)OCC(C)O;0
 [Li+].F[As-](F)(F)(F)(F)F;4
 CCSCC1=CC=CC=C1OC(=O)NC;1
 C1C(O1)COC2=CC=CC=C2C(Br)Br;1
 CC1=CN(C(=O)NC1=O)C2CC(C(O2)CO)N=[N+]=[N-];4
 CC(=O)NP(=O)(OC)SC;3
 CC(=C)C(=O)OCCN=C=O;4
 CCCCCCCCCCC1=CC=CC=C1S(=O)(=O)O;0
 CCNP(=S)(OC)OC(=CC(=O)OC(C)C)C;1
 C1=CC(=C(C(=C1OC2=C(C(=C(C=C2)Cl)Cl)Cl)Cl)Cl)Cl;4
 C1(=NNN=N1)N=NN(C(=N)N)N.O;4
 CCCC[Sn](CCCC)(CCCC)OC(=O)C(C(C(=O)O[Sn](CCCC)(CCCC)CCCC)Br)Br;4
 CN(C)C1CSSSC1;1
 C=O.C1=CC=C(C=C1)N.C(=O)(Cl)Cl;4
 CC(=O)OC1CCC(CC1)C(C)(C)C;2
 C1=C2C(=C(C(=C1Cl)Cl)Cl)C(=C(C(=C2Cl)Cl)Cl)Cl;4
 CC1CCC2C13CC(C2(C)C)C(=C(C3)C(=O)C)C;1
 C1=C(C(=C(C(=C1Br)Br)Br)Br)OC2=CC(=C(C(=C2Br)Br)Br)Br;4
 CCCCN(CCCC)C(=S)SCCC(=O)OC;4
 CC1=C(C(=CC=C1)Cl)Cl;4
 CC12CC1(C(=O)N(C2=O)C3=CC(=CC(=C3)Cl)Cl)C;2
 CCCCCCCCCCCCCCCC(=O)NCCC[N+](C)(C)CC(=O)[O-];4
 CC1=CC(=C(C=C1)N=CN(C)C=NC2=C(C=C(C=C2)C)C)C;1
 CC1OCC2C(O1)C(C(C(O2)OC3C4COC(=O)C4C(C5=CC6=C(C=C35)OCO6)C7=CC(=C(C(=C7)OC)O)OC)O)O;4
 CN(C)C(=O)NC1=CC(=C(C=C1)SC(F)(F)Cl)Cl;4
 CC(=O)N1CCC2=C1C=CC(=C2)[N+](=O)[O-];4
 C1=C(C=C(C=C1N)Cl)N;4
 C[As](=O)([O-])[O-].[Fe+3];4
 CC(C)(C)C1=NN=C(S1)N(C)C(=O)NC;1
 CCC1=CC=CC(=C1N(COCC)C(=O)CCl)C;1
 CCCSP(=S)(OCC)OC1=C(C=C(C=C1)Cl)Cl;1
 C1=CC(=C(C(=C1)F)C(=O)NC(=O)NC2=CC=C(C=C2)Cl)F;1
 CCCSP(=S)(OCC)OC1=CC=C(C=C1)SC;1
 C=CCOC(CN1C=CN=C1)C2=C(C=C(C=C2)Cl)Cl;2
 CCOP(=O)(OC)OC(=CCl)C1=C(C=C(C=C1)Cl)Cl;4
 CCC(C)NP(=S)(OCC)OC1=C(C=CC(=C1)C)[N+](=O)[O-];1
 CCC(C)C1=C(C(=CC(=C1)C(C)(C)C)N2N=C3C=CC=CC3=N2)O;4
 CC1CC(=O)O1;4
 CC(C)SCCSP(=S)(OC)OC;4
 CC(C)NC(=O)N1CC(=O)N(C1=O)C2=CC(=CC(=C2)Cl)Cl;1
 [O-][Cr](=O)(=O)[O-].[O-][Cr](=O)(=O)[O-].[O-][Cr](=O)(=O)[O-].[Bi+3].[Bi+3];4
 CC(C)C1=CC=CC2=C1C=CC=C2C(C)C;1
 COC1=C(C=C(C=C1)N)N.OS(=O)(=O)O;4
 C(C([N+](=O)[O-])(Cl)Cl)(Cl)Cl;4
 CCCCCCC(C)C1=C(C(=CC(=C1)[N+](=O)[O-])[N+](=O)[O-])OC(=O)C=CC;1
 CC(=CC1C(C1(C)C)C(=O)OC(C#N)C2=CC(=CC=C2)OC3=CC=CC=C3)C;1
 CC1(C(C1(C)C)C(=O)OC(C#N)C2=CC(=CC=C2)OC3=CC=CC=C3)C;1
 C(NNC(=S)N)NNC(=S)N;4
 CC(C)(C)C1=NN(C(=O)O1)C2=CC(=C(C=C2Cl)Cl)OCC#C;1
 C1=CC(=CC(=C1)Br)OC2=C(C(=C(C=C2)Br)Br)Br;1
 C=CC(=O)OCCN1C(=O)N(C(=O)N(C1=O)CCOC(=O)C=C)CCOC(=O)C=C;2
 CCC(CC)NC1=C(C=C(C(=C1[N+](=O)[O-])C)C)[N+](=O)[O-];1
 CCCSP(=O)(OCC)OC1=C(C=C(C=C1)Br)Cl;1
 C1=CC(=CC=C1N2C(=O)C(=C(C2=O)Cl)Cl)F;1
 CC1=NN=C(C(=O)N1N)C2=CC=CC=C2;4
 CC1=C2C(=CC=C1)SC3=NN=CN23;3
 C1=CC=C(C=C1)OCCOC(=O)OOC(=O)OCCOC2=CC=CC=C2;4
 C1=CC(=C(C=C1I)Cl)N;4
 CC(=CCCCC=C)C;2
 C1=CC2=C(C=CC3=C2C4=C1C=CC(=C4C=C3)[N+](=O)[O-])[N+](=O)[O-];4
 C1=CC2=C3C(=C(C=C2)[N+](=O)[O-])C=CC4=C(C=CC1=C43)[N+](=O)[O-];4
 CC(COC(C)COC(=O)C=C)OCC(C)OC(=O)C=C;2
 C(#N)C1=C(SSC(=C(S1)C#N)C#N)C#N;4
 CC1(C(=O)N(C(=O)O1)C2=CC(=CC(=C2)Cl)Cl)C=C;1
 CC(C)OC(=O)C(=C1SCCS1)C(=O)OC(C)C;2
 CCCCCCCCCCCC1=CC=CC=C1S(=O)(=O)O;0
 O=[Zn].[Cr+3];4
 CCC1=CC=CC(=C1N(C(C)COC)C(=O)CCl)C;1
 CCCOCCN(C1=C(C=CC=C1CC)CC)C(=O)CCl;1
 CN1C(=NC(=O)N(C1=O)C2CCCCC2)N(C)C;1
 CP(=O)(CCC(C(=O)O)N)O;4
 C1C(O1)CCl;4
 CC1=CC=C(C=C1)OC2=CC=C(C=C2)C3=CC=CC=C3;4
 CC(C)C(C1=CC=C(C=C1)Cl)C(=O)OC(C#N)C2=CC(=CC=C2)OC3=CC=CC=C3;1
 C1=CC=C(C=C1)NN.C1=CC=C(C=C1)NN.OS(=O)(=O)O;4
 CCC(O)OCC;4
 CCC(C)C(C(=O)NC(CCC(=O)N)C(=O)NC(CC(C)C)C(=O)NC(CCSC)C(=O)NC(CC1=CNC=N1)C(=O)NC(CC(=O)N)C(=O)NC(CC(C)C)C(=O)NCC(=O)NC(CCCCN)C(=O)NC(CC2=CNC=N2)C(=O)NC(CC(C)C)C(=O)NC(CC(=O)N)C(=O)NC(CO)C(=O)NC(CCSC)C(=O)NC(CCC(=O)O)C(=O)NC(CCCNC(=N)N)C(=O)NC(C(C)C)C(=O)NC(CCC(=O)O)C(=O)NC(CC3=CNC4=CC=CC=C43)C(=O)NC(CC(C)C)C(=O)NC(CCCNC(=N)N)C(=O)NC(CCCCN)C(=O)NC(CCCCN)C(=O)NC(CC(C)C)C(=O)NC(CCC(=O)N)C(=O)NC(CC(=O)O)C(=O)NC(C(C)C)C(=O)NC(CC5=CNC=N5)C(=O)NC(CC(=O)N)C(=O)NC(CC6=CC=CC=C6)C(=O)O)NC(=O)C(CCC(=O)O)NC(=O)C(CO)NC(=O)C(C(C)C)NC(=O)C(CO)N;4
 CC1(C(C1C(=O)OC(C#N)C2=CC(=CC=C2)OC3=CC=CC=C3)C=C(Cl)Cl)C;1
 CC(C(=O)NC1=CC=CC=C1)OC2=CC3=CC=CC=C3C=C2;4
 CC1(C(C1C(=O)OCC2=CC(=CC=C2)OC3=CC=CC=C3)C=C(Cl)Cl)C;1
 CC1(CC(CC(N1)(C)C)OC(=O)CCCCCCCCC(=O)OC2CC(NC(C2)(C)C)(C)C)C;1
 CCCN(CCC)C(=O)SCC1=CC=CC=C1;4
 CCC(C1CCC(C(O1)C(C)C(C(C)C(=O)C(CC)C2C(CC(C3(O2)C=CC(C4(O3)CCC(O4)(C)C5CCC(C(O5)C)(CC)O)O)C)C)O)C)C(=O)O;4
 C1=CC(=C(C=C1[N+](=O)[O-])N)N.Cl;4
 C1=CC(=C(C=C1Cl)Cl)C2=C(C=C(C=C2)Cl)Cl;1
 C1=CC(=CN=C1)CNC(=O)NC2=CC=C(C=C2)[N+](=O)[O-];4
 CCNP(=S)(OC)OC1=C(C=C(C=C1)SC)Cl;4
 CC1CC2=C(CC1(C)C(=O)C)C(CCC2)(C)C;4
 CCCCN(CCCC)C1=CC(=C(C=C1)C(=O)C2=CC=CC=C2C(=O)O)O;4
 C(CCl)N(C(=O)NC(C=O)C(C(C(CO)O)O)O)N=O;4
 CCOCC(C)OC(=O)C;0
 CCC(C1C(CC(C(O1)C(C)C(C(C)C(=O)C(CC)C2C(CC(C3(O2)C=CC(C4(O3)CCC(O4)(C)C5CCC(C(O5)C)(CC)O)O)C)C)O)C)C)C(=O)O;4
 CC(C)(C)C(C(N1C=NC=N1)OC2=CC=C(C=C2)C3=CC=CC=C3)O;2
 CCCCN(CCCC)SN(C)C(=O)OC1=CC=CC2=C1OC(C2)(C)C;1
 C1=C(C(=NC(=C1Cl)Cl)OCC(=O)O)Cl;2
 CCCCNC(=O)OCC#CI;1
 CCCCCCCCSC(=O)OC1=CC(=NN=C1C2=CC=CC=C2)Cl;1
 CCC(C1CCC(C(O1)C(C)C(C(C)C(=O)C(CC)C2C(CC(C3(O2)C=CC(C4(O3)CCC(O4)(C)C5CCC(C(O5)C)(CC)O)O)C)C)O)C)C(=O)[O-].[Na+];4
 CC1=CC=CC=C1C(=O)NC2=CC(=CC=C2)OC(C)C;4
 C1CC(C(NC1)CC(=O)CN2C=NC3=CC(=C(C=C3C2=O)Cl)Br)O;4
 CC(C)(C)C1=CC(=NO1)NC(=O)N(C)C;4
 CCCCCCCCCCCCCCCCCC(=O)[O-].[Pb];4
 CC(C)C(C1=CC=C(C=C1)OC(F)(F)F)(C2=CN=CN=C2)O;3
 CC(C)(CCO)OC;0
 CC1=CC(=C(C(=C1)Cl)OP(=S)(OC)OC)Cl;1
 CC(COC(C)(C)C)O;4
 C1C(O1)CO;4
 CC(=O)O.CC(=O)O.CC(=O)O.C(CCCCN=C(N)N)CCCNCCCCCCCCN=C(N)N;1
 C1=CC2=C3C(=C1)C=C(C4=CC=CC(=C43)C=C2)[N+](=O)[O-];4
 CCNC(=O)NC(=O)C(=NOC)C#N;1
 CC1=CC=C(C=C1)S(=O)(=O)OC2=C(C(=NN2C)C)C(=O)C3=C(C=C(C=C3)Cl)Cl;1
 CCCCCCCCCCCCCC(=O)NCCC[N+](C)(C)CC(=O)[O-];4
 C1=CC(=C(C(=C1C2=CC(=C(C(=C2)Br)Br)Br)Br)Br)Br;4
 CC(=NOC(=O)N(C)SN(C)C(=O)ON=C(C)SC)SC;1
 CN(CCC#N)N=O;4
 C1=CC=C(C(=C1)C(C2=CC=C(C=C2)Cl)(C3=CN=CN=C3)O)Cl;2
 CCCC1COC(O1)(CN2C=NC=N2)C3=C(C=C(C=C3)Cl)Cl;1
 O=[Si]=O;4
 CC(C)(C1=CC=CC=C1)SC(=O)N2CCCCC2;4
 C1CC=CC(C1)C2=CC=C(C=C2)C3CCC=CC3;4
 C1=CC=C(C=C1)C2=CC=CC=C2C3=CC=CC=C3;4
 CCCCCCCCCCCC(=O)NCCC[N+](C)(C)CC(=O)[O-];2
 O=[Si]=O;4
 CCCCCCCCCCCC1=CC=CC=C1S(=O)(=O)O.N;4
 C1=CC(=C(C=C1C(F)(F)F)Cl)OC2=CC(=C(C=C2)[N+](=O)[O-])C(=O)[O-].[Na+];1
 CN(C)C(=O)SCCCCOC1=CC=CC=C1;1
 C1=C(C=C(C(=C1N)[O-])[N+](=O)[O-])[N+](=O)[O-].C1=C(C=C(C(=C1N)[O-])[N+](=O)[O-])[N+](=O)[O-].C1=C(C=C(C(=C1N)[O-])[N+](=O)[O-])[N+](=O)[O-].C1=C(C=C(C(=C1N)[O-])[N+](=O)[O-])[N+](=O)[O-].[Zr+4];4
 CCOC1=CC=C(C=C1)C2(CC2(Cl)Cl)C(=O)OC(C#N)C3=CC(=CC=C3)OC4=CC=CC=C4;1
 C1=C(C=C(C(=C1[N+](=O)[O-])[O-])Cl)Cl.[Na+];4
 CCCCCCCCN1C(=O)C(=C(S1)Cl)Cl;1
 CC1=C(C=C(C=C1)[NH3+])[NH3+].[O-]S(=O)(=O)[O-];4
 CCC=CCCOC(=O)C1=CC=CC=C1O;1
 CCCCOC(=O)N(C)SN(C)C(=O)OC1=CC=CC2=C1OC(C2)(C)C;1
 CC(C)C(C1=CC=C(C=C1)Cl)C(=O)OC(C#N)C2=CC(=CC=C2)OC3=CC=CC=C3;1
 CC(C)OC1=CC=CC(=C1)NC(=O)C2=CC=CC=C2C(F)(F)F;2
 C=CS(=O)(=O)CC(=O)NCCNC(=O)CS(=O)(=O)C=C;4
 CC1(C(C1C(=O)OC(C#N)C2=CC(=CC=C2)OC3=CC=CC=C3)C(C(Br)(Br)Br)Br)C;1
 CNC(=O)SC1=CC=C(C=C1)OS(=O)(=O)C;4
 CC1(C(C1C(=O)OC(C#N)C2=CC(=CC=C2)OC3=CC=CC=C3)C=C(Cl)Cl)C;1
 CC1(CNC(=NC1)NN=C(C=CC2=CC=C(C=C2)C(F)(F)F)C=CC3=CC=C(C=C3)C(F)(F)F)C;1
 CCCN(CCOC1=C(C=C(C=C1Cl)Cl)Cl)C(=O)N2C=CN=C2;2
 CCCCCCCCCCCCCCO;1
 C1=C(C(=CC(=C1Br)Br)Br)C2=CC(=C(C=C2Br)Br)Br;4
 C1C(O1)CCl;4
 C1=CC=C(C=C1)NC(=O)NC2=CC(=NC=C2)Cl;2
 CC1(C(C1C(=O)OC(C#N)C2=CC(=C(C=C2)F)OC3=CC=CC=C3)C=C(Cl)Cl)C;1
 CCCCCCCCCCCCCC[N+](C)(C)CC1=CC=CC=C1.[Cl-];1
 CC(C)CCCCCCCOC(=O)C1=CC=CC=C1C(=O)OCCCCCCCC(C)C;0
 CC(C)(C)CC(C)(C)SSSSCC(C)(CC(C)(C)C)SSSSC(C)(C)CC(C)(C)C;4
 CCCCCCCCCCCCCC[N+](C)(C)CC.[Br-];4
 CCCCCCCCCCCCCCOCC1CO1.CCCCCCCCCCCCCOCC1CO1.CCCCCCCCCCCCOCC1CO1;4
 CCCCCCCCCCO.CCCCCCCCO.CCCCCCO.C1=CC=C(C(=C1)C(=O)O)C(=O)O;4
 CCC(C)(C)OOC(=O)CC(C)CC(C)(C)C;4
 CCC(=O)OC1C=CC2C1C3CCC2C3;2
 C1=CC(=C(C(=C1)Br)Br)OC2=C(C(=C(C(=C2Br)Br)Br)Br)Br;4
 CCCCCCCCCCCCCCCCCOS(=O)(=O)[O-].[Na+];2
 CC(C)N1C(=NC(C)(C)C)SCN(C1=O)C2=CC=CC=C2;1
 CC(C)C(C(=O)OC(C#N)C1=CC(=CC=C1)OC2=CC=CC=C2)NC3=C(C=C(C=C3)C(F)(F)F)Cl;1
 C1=CC(=C2C(=C1NCCNCCO)C(=O)C3=C(C=CC(=C3C2=O)O)O)NCCNCCO.Cl.Cl;4
 CC1=CC=C(C=C1)S(=O)(=O)OCC2CO2;4
 CC(C(=O)NC(C)C(=O)[O-])NC(=O)C(CCP(=O)(C)O)N.[Na+];4
 C(=O)(C(Cl)(Cl)Br)O;4
 C1OC2=C(O1)C=C(C=C2)C3=NC(=NC(=N3)C(Cl)(Cl)Cl)C(Cl)(Cl)Cl;4
 CC1=NN(C(=C1C(=O)C2=C(C=C(C=C2)Cl)Cl)OCC(=O)C3=CC=CC=C3)C;1
 CC(C)CCCOC(=O)C1=CC=CC=C1C(=O)OCCCC(C)C;4
 CC(C)(C(=O)C1=CC=C(C=C1)SC)N2CCOCC2;4
 CN(C1=CC=CC=C1)C(=O)COC2=NC3=CC=CC=C3S2;1
 CCCCCCCCCC(=O)NCCC[N+](C)(C)CC(=O)[O-];4
 CCCCCCCC(=O)NCCC[N+](C)(C)CC(=O)[O-];4
 C1=CC=C(C(=C1)C2=NN=C(N=N2)C3=CC=CC=C3Cl)Cl;1
 CC1=CC(=NC(=N1)NC(=O)NS(=O)(=O)C2=CC=CC=C2C(=O)OC)C;1
 CCCCN1C(=C(C(=C(C1=O)N=NC2=C(C=C(C=C2)[N+](=O)[O-])Cl)C)C#N)O;4
 CCOC(=O)C(C)OC1=CC=C(C=C1)OC2=CN=C3C=C(C=CC3=N2)Cl;1
 COC(C(=O)OC)NC(=O)C=C;4
 COC(=O)C(NC(=O)C=C)O;4
 C1(C(=C(C(=O)O1)Cl)C(Cl)Cl)O;4
 CCCSP(=O)(OCC)OC1=CN(N=C1)C2=CC=C(C=C2)Cl;4
 CC1C(SC(=O)N1C(=O)NC2CCCCC2)C3=CC=C(C=C3)Cl;1
 CCC1C(=O)N(CC(=O)N(C(C(=O)NC(C(=O)N(C(C(=O)NC(C(=O)NC(C(=O)N(C(C(=O)N(C(C(=O)N(C(C(=O)N(C(C(=O)N1)C(C(C)CC=CC)O)C)C(C)C)C)CC(C)C)C)CC(C)C)C)C)C)CC(C)C)C)C(C)C)CC(C)C)C)C;4
 CC1=NC(=NC(=N1)OC)NC(=O)NS(=O)(=O)C2=C(SC=C2)C(=O)OC;1
 CC1=C(C(=C(C(=C1F)F)COC(=O)C2C(C2(C)C)C=C(C(F)(F)F)Cl)F)F;1
 C1=C(C=NC(=C1Cl)NC2=C(C=C(C(=C2[N+](=O)[O-])Cl)C(F)(F)F)[N+](=O)[O-])C(F)(F)F;1
 CCCCC(CN1C=NC=N1)(C2=C(C=C(C=C2)Cl)Cl)O;4
 CC(C)C1=CC(=CC(=C1NC(=S)NC(C)(C)C)C(C)C)OC2=CC=CC=C2;1
 CCC1C(C(C(C(=NOCOCCOC)C(CC(C(C(C(C(C(=O)O1)C)OC2CC(C(C(O2)C)O)(C)OC)C)OC3C(C(CC(O3)C)N(C)C)O)(C)O)C)C)O)(C)O;1
 C1=CNC(=S)NC1=O;2
 [O-]Cl(=O)=O.[O-]Cl(=O)=O.[Co+2];4
 CCOC1=CC=C(C=C1)C(C)(C)COCC2=CC(=CC=C2)OC3=CC=CC=C3;1
 CCC1C(C(C(C(=O)C(CC(C(C(C(C(C(=O)O1)C)OC2CC(C(C(O2)C)O)(C)OC)C)OC3C(C(CC(O3)C)N(C)C)O)(C)OC)C)C)O)(C)O;1
 CC(C)C1(C(=O)NC(=N1)C2=C(C=CC=N2)C(=O)O)C;1
 CC(C)C1(C(=O)NC(=N1)C2=C(C=CC=N2)C(=O)O)C.CC(C)N;1
 CC(C)COC(=O)OCCN(CCOC(=O)OCC(C)C)C1=C(C=C(C(=C1)NC(=O)C)N=NC2=NC=C(S2)[N+](=O)[O-])OC;4
 CCC(C)(CC)C1=NOC(=C1)NC(=O)C2=C(C=CC=C2OC)OC;0
 CCOC(=O)CCN(C(C)C)SN(C)C(=O)OC1=CC=CC2=C1OC(C2)(C)C;1
 CN1C(=O)C2=C(S1)CCC2;1
 CC1=C(C=CC=C1C2=CC=CC=C2)COC(=O)C3C(C3(C)C)C=C(C(F)(F)F)Cl;1
 CC1=CC=C(C=C1)C(=O)COC2=C(C(=NN2C)C)C(=O)C3=C(C(=C(C=C3)Cl)C)Cl;1
 COC1=CC(=NC(=N1)NC(=O)NS(=O)(=O)CC2=CC=CC=C2C(=O)OC)OC;1
 C1=CC(=C(C(=C1)F)C(=O)NC(=O)NC2=CC(=C(C(=C2F)Cl)F)Cl)F;1
 CCOC(=O)CCN(CC1=CC=CC=C1)SN(C)C(=O)ON=C(C)SC;1
 C1=CC(=CC(=C1)OC2=C(C=CC=N2)C(=O)NC3=C(C=C(C=C3)F)F)C(F)(F)F;1
 CCCCCCCCCCCCCCCCCCCCC=C1C(C(=O)O1)CCCCCCCCCCCCCCCCCCCC;4
 CC1=C(C=CC(=C1Cl)OC(C)C(=O)NC2=CC=CC=C2)Cl;4
 C1=C(C=C(C=C1C(F)(F)F)C(F)(F)F)CN;2
 CC1=C(C(=O)N(C(=C1C#N)O)CCCOC(C)C)N=NC2=CC=C(C=C2)N=NC3=CC=CC=C3;4
 CC(CC(CC(CCCC(CC(CC(C)Cl)Cl)Cl)Cl)Cl)Cl;1
 CCN(C(C)C(C)C)C(=O)SCC1=CC=CC=C1;1
 CC1=CC(=CC(=C1OCC2CO2)C)C3=CC(=C(C(=C3)C)OCC4CO4)C;4
 C1=CC(=CC=C1CSC(=NC2=C(C=C(C=C2)Cl)Cl)CN3C=NC=N3)Cl;1
 CC1=CSC(=C1N(C(C)COC)C(=O)CCl)C;1
 CCCCCCCCCCCC(=O)OC1=CC=CC=C1S(=O)(=O)[O-].[Na+];2
 C1CCC2=C(C1)C(=O)N(C2=O)C3=CC=C(C=C3)Cl;1
 CCCCC(CN1C=NC=N1)(C#N)C2=CC=C(C=C2)Cl;1
 CC(C)(C)C1=CC(=CC=C1)OC(=S)N(C)C2=NC(=CC=C2)OC;1
 CC(COC)OCC(C)OC(=O)C;4
 CC1=CC=CC=C1C(=NNC2=NC(=CC(=N2)C)C)C;4
 CCCCN(CCCC)C1=CC2=C(C=C1)C3(C4=CC=CC=C4C(=O)O3)C5=C(O2)C=C(C(=C5)NC6=CC=CC=C6)C;4
 CCCSP(=O)(OCC)OC1=CN(N=C1)C2=CC=C(C=C2)Cl;1
 [Li+].C(F)(F)(F)S(=O)(=O)[N-]S(=O)(=O)C(F)(F)F;4
 CC1(C(C1C(=O)OC(C#N)C2=CC(=CC=C2)OC3=CC=CC=C3)C=C(C(F)(F)F)Cl)C;1
 C(=O)(O)O.[Cd];4
 CCC(C)SP(=O)(OCC)SC(C)CC;1
 CCN(CC)C1=CC(=C(C=C1)N=C2C=CC(=O)C(=C2)NC(=O)C)C;4
 CC(C)(C)C1=CC=C(C=C1)CSC2=C(C(=O)N(N=C2)C(C)(C)C)Cl;1
 CC1=C(C(=CC=C1)C)N(CC2=C(C=CS2)OC)C(=O)CCl;1
 CC1(OC2COC3(C(C2O1)OC(O3)(C)C)COS(=O)(=O)N)C;4
 CC(C)CC1=C(C(=NC(=C1C(=O)SC)C(F)(F)F)C(F)F)C(=O)SC;1
 CCC(C)SP(=O)(N1CCSC1=O)OCC;0
 CC(C)(C1=CC=CC=C1)NC(=O)NCC2=CC=CC=C2Cl;4
 CN1C(=C(C(=N1)Cl)C(=O)OC)S(=O)(=O)NC(=O)NC2=NC(=CC(=N2)OC)OC;1
 C1=CC(=C(C(=C1)F)C(=O)NC(=O)NC2=C(C=C(C=C2)OC3=C(C=C(C=C3)C(F)(F)F)Cl)F)F;1
 CC(C)C(C(=O)OC(C#N)C1=CC(=CC=C1)OC2=CC=CC=C2)NC3=C(C=C(C=C3)C(F)(F)F)Cl;1
 C1=CC(=C(C(=C1)F)C(=O)NC(=O)NC2=CC(=C(C=C2Cl)OC(C(C(F)(F)F)F)(F)F)Cl)F;4
 C1=C(C=C(C(=C1Cl)OC(C(F)F)(F)F)Cl)N;4
 CCN(CC)C1=CC(=C(C=C1)N=NC2=C(C(=C(S2)C=O)Cl)C#N)NC(=O)C;4
 CCOC1=CC=C(C=C1)[Si](C)(C)CCCC2=CC(=C(C=C2)F)OC3=CC=CC=C3;1
 C1=CC2=C(C=CC3=C2C(=C1)C4=C3C=CC=C4[N+](=O)[O-])[N+](=O)[O-];4
 CCC1=C(C(=NC=N1)NCCOC2=C(C(=C(C=C2)CCOCC)C)C)Cl;1
 C1CN(C(=N1)N[N+](=O)[O-])CC2=CN=C(C=C2)Cl;4
 C1=CC(=C(C=C1[N+](=O)[O-])Cl)NS(=O)(=O)C2=CC(=C(C=C2)Cl)C(F)(F)F;1
 CC(C)(C)C(CCC1=CC=C(C=C1)Cl)(CN2C=NC=N2)O;1
 CC(C)([NH3+])NC1=NC(=NC(=N1)NC2=CC3=CC(=C(C(=C3C=C2)O)N=NC4=CC=CC=C4OC)S(=O)(=O)[O-])NC(C)(C)[NH3+].C(=O)[O-];4
 COC1=C(C=C(C=C1)C(=CC(=O)N2CCOCC2)C3=CC=C(C=C3)Cl)OC;1
 CC(=C1C(=O)N(C(=O)O1)C2=CC(=C(C=C2F)Cl)OC3CCCC3)C;1
 C(CN(CC(=O)[O-])CC(=O)[O-])CN(CC(=O)[O-])CC(=O)[O-].[NH4+].[Fe+3];4
 CC(C)(COCC1=CC(=CC=C1)OC2=CC=CC=C2)C3=CC=C(C=C3)OC(F)(F)Br;1
 C1=CC(=C(C=C1Cl)Cl)C(CN2C=NC=N2)COC(C(F)F)(F)F;4
 CCC1=CC=C(C=C1)C(=O)NN(C(=O)C2=CC(=CC(=C2)C)C)C(C)(C)C;1
 O=[Si]=O;4
 CC1CC(C(OC1C2CC(C(O2)C3(CCC(O3)C4(CCC5(O4)CC(C(C(O5)C(C)C6C(C(C(C(O6)(CC(=O)O)O)C)O)OC)C)O)C)C)OC7CCC(C(O7)C)OC)(C)O)C;4
 C1=CC=C(C=C1)C(CCC2=CC=C(C=C2)Cl)(CN3C=NC=N3)C#N;1
 C1=CC(=C(C(=C1)F)C(=O)NC(=O)NC2=CC(=C(C=C2)OC(C(OC(F)(F)F)F)(F)F)Cl)F;1
 [B-](C1=C(C(=C(C(=C1F)F)F)F)F)(C2=C(C(=C(C(=C2F)F)F)F)F)(C3=C(C(=C(C(=C3F)F)F)F)F)C4=C(C(=C(C(=C4F)F)F)F)F.C[NH+](C)C1=CC=CC=C1;4
 CC1(C(C1C(=O)OCC2=C(C(=CC(=C2F)F)F)F)C=C(Cl)Cl)C;4
 CCC1=NN(C(=C1Cl)C(=O)NCC2=CC=C(C=C2)C(C)(C)C)C;1
 CCC(CC1=CC=CC=C1)(C(=O)C2=CC=C(C=C2)N3CCOCC3)N(C)C;1
 CC1COC(O1)(CN2C=NC=N2)C3=C(C=C(C=C3)OC4=CC=C(C=C4)Cl)Cl;1
 C1=C(C=C(C(=C1Cl)N2C(=C(C(=N2)C#N)S(=O)C(F)(F)F)N)Cl)C(F)(F)F;1
 [B-](CCCC)(C1=CC=CC=C1)(C2=CC=CC=C2)C3=CC=CC=C3.CCCC[N+](CCCC)(CCCC)CCCC;4
 CCN(CC1=CN=C(C=C1)Cl)C(=C[N+](=O)[O-])NC;4
 CC1=CC(=NC(=N1)NC2=CC=CC=C2)C3CC3;1
 CCCCOC(=O)C(C)OC1=CC=C(C=C1)OC2=C(C=C(C=C2)C#N)F;1
 CCN(CC)C1=CC(=C(C=C1)N=NC2=C(C(=C(S2)C=O)Cl)C#N)NC(=O)COC;4
 CCOCN1C(=C(C(=C1C(F)(F)F)Br)C#N)C2=CC=C(C=C2)Cl;1
 C1=CC(=CC=C1C2=C(C(=C(N2)C(F)(F)F)Br)C#N)Cl;1
 COC1=CC(=NC(=N1)NC(=O)NS(=O)(=O)C2=C(N=C3N2C=CC=C3)Cl)OC;1
 CC1C2=C(C=CC=C2NC(=O)C3=C(N(N=C3C)C)Cl)C(O1)(C)C;2
 CCN(CC)C(=O)N1C=NC(=N1)S(=O)(=O)C2=C(C=C(C=C2C)C)C;1
 CC1(CCCCC1)C(=O)NC2=C(C(=C(C=C2)O)Cl)Cl;2
 CO[Si](C1CCCC1)(C2CCCC2)OC;4
 CCOC(=O)C(CC1=CC(=C(C=C1Cl)F)N2C(=O)N(C(=N2)C)C(F)F)Cl;1
 CC(C)CCC(COC)(COC)C(C)C;4
 CCC1=NN(C(=C1Cl)C(=O)NCC2=CC=C(C=C2)OC3=CC=C(C=C3)C)C;1
 CC1=NC(=C(S1)C(=O)NC2=C(C=C(C=C2Br)OC(F)(F)F)Br)C(F)(F)F;2
 C1=CC(=C2C(=C1)OC(O2)(F)F)C3=CNC=C3C#N;1
 CC1=CC(=CC(=C1)OCC(C)NC2=NC(=NC(=N2)N)C(C)(C)F)C;1
 COC=C(C1=CC=CC=C1OC2=NC=NC(=C2)OC3=CC=CC=C3C#N)C(=O)OC;1
 CCC1(C(=O)C2=CC=CC=C2C1=O)CC3(CO3)C4=CC(=CC=C4)Cl;4
 CNC(=O)C(=NOC)C1=CC=CC=C1OC2=CC=CC=C2;2
 CC1(COC(N1C(=O)N2C=CN=C2)(C)CCCC3=CC=C(C=C3)Cl)C;4
 CC1=NN(C(=C1C=NOCC2=CC=C(C=C2)C(=O)OC(C)(C)C)OC3=CC=CC=C3)C;1
 CC1C2=C(C(=CC=C2)SC3=NC(=CC(=N3)OC)OC)C(=O)O1;2
 CC(=NC#N)N(C)CC1=CN=C(C=C1)Cl;1
 C1C(SCC(S1)CS)CS;4
 CC(=NOC)C1=C(C(=CC=C1)OC2=NC(=CC(=N2)OC)OC)C(=O)OC;4
 COC1=CC(=NC(=N1)NC(=O)NS(=O)(=O)NC2=CC=CC=C2C(=O)C3CC3)OC;1
 C1CN(C(=N[N+](=O)[O-])N1)CC2=CN=C(C=C2)Cl;1
 C1=C(C=C(C(=C1F)F)F)Br;4
 CC(C1=C(C=C(C=C1)Cl)Cl)NC(=O)C(C#N)C(C)(C)C;4
 CC(=NOCC1=CC=CC=C1C(=NOC)C(=O)OC)C2=CC(=CC=C2)C(F)(F)F;1
 CCS(=O)(=O)C1=C(N2C=CC=CC2=N1)S(=O)(=O)NC(=O)NC3=NC(=CC(=N3)OC)OC;0
 C1=CC=NC(=C1)C(C2=CC=C(C=C2)Cl)Cl;4
 CC(C)N(C1=CC=C(C=C1)F)C(=O)COC2=NN=C(S2)C(F)(F)F;1
 O=[Al]O[Al]=O.O=[Al]O[Al]=O.O=[Al]O[Al]=O.O=[Si]=O.O=[Si]=O;4
 CC1=CC=CC=C1OCC2=CC=CC=C2C(=NOC)C(=O)OC;1
 CC(CC(C)(C)C)CP(=O)(C(=O)C1=C(C=CC=C1OC)OC)C(=O)C2=C(C=CC=C2OC)OC;2
 CCOP(OC1=C(C=C(C=C1C)C(C)(C)C)C(C)(C)C)OC2=C(C=C(C=C2C)C(C)(C)C)C(C)(C)C;4
 CCC(C)(C)C(=O)OC1=C(C(=O)OC12CCCCC2)C3=C(C=C(C=C3)Cl)Cl;1
 CC(C)OC(=O)NNC1=C(C=CC(=C1)C2=CC=CC=C2)OC;1
 CC1=CC(=C(C=C1)C)OCC2=CC=CC=C2C(=NOC)C(=O)NC;1
 CCN(CC1=CN=C(C=C1)Cl)C(=C[N+](=O)[O-])NC;1
 CC(C)(C)C1=CC2=NC(=NN2N1)C3=CC=C(C=C3)N;4
 CC1=C(C(=O)N(CO1)C(C)(C)C2=CC(=CC(=C2)Cl)Cl)C3=CC=CC=C3;4
 CN1COCN(C1=N[N+](=O)[O-])CC2=CN=C(S2)Cl;1
 CC(C)C1=NC(=CS1)CNC;4
 CCC(C)C1C(C=CC2(O1)CC3CC(O2)CC=C(C(C(C=CC=C4COC5C4(C(C=C(C5O)C)C(=O)O3)O)C)OC6CC(C(C(O6)C)OC7CC(C(C(O7)C)NC)OC)OC)C)C.C1=CC=C(C=C1)C(=O)O;1
 CS(=O)(=O)C1=CC(=C(C=C1)C(=O)C2=C(C3CCC(C3)C2=O)SC4=CC=CC=C4)Cl;1
 CCN(C1CCCCC1)C(=O)N2C(=O)N(N=N2)C3=CC=CC=C3Cl;4
 CC(=NC#N)N(C)CC1=CN=C(C=C1)Cl;4
 CC1=CC(=CC(=C1)C(=O)N(C(C)(C)C)NC(=O)C2=C(C(=CC=C2)OC)C)C;1
 CC1=CSC(=C1N(C(C)COC)C(=O)CCl)C;1
 CC(=O)NC1=C2C(=CC(=C1)S(=O)(=O)[O-])C=C(C(=C2[O-])N=NC3=C(C=C(C=C3)C4=CC(=C(C=C4)N=NC5=C(C=C6C=C(C=CC6=C5[O-])NC(=O)C7=CC=CC=C7)S(=O)(=O)[O-])[O-])[O-])S(=O)(=O)[O-].[Na+].[Na+].[Na+].[Cu+2].[Cu+2];4
 COC(=O)C12CC3=C(C1=NN(CO2)C(=O)N(C4=CC=C(C=C4)OC(F)(F)F)C(=O)OC)C=CC(=C3)Cl;1
 COC(=O)N(C1=CC=CC=C1COC2=NN(C=C2)C3=CC=C(C=C3)Cl)OC;1
 CCC1=CC=CC(=C1N(C(C)COC)C(=O)CCl)C;4
 CCS(=O)C1=C(N(N=C1C#N)C2=C(C=C(C=C2Cl)C(F)(F)F)Cl)N;4
 CC(C)CC(C)C1=C(C=CS1)NC(=O)C2=CN(N=C2C(F)(F)F)C;1
 CC1=C(C=CC(=C1C2=NOCC2)S(=O)(=O)C)C(=O)C3=CNN(C3=O)C;0
 CNC(=N[N+](=O)[O-])NCC1=CN=C(S1)Cl;1
 CC(C)N(C1=C(C=C(C=C1)F)F)C(=O)N2C=NN(C2=O)C3=C(C=C(C=C3)Cl)Cl;1
 CC1=C(C=C(C=C1)NC(=O)C2=C(N=NS2)C)Cl;2
 C1=CC=C(C(=C1)C#N)NC(=O)C2=C(C(=NS2)Cl)Cl;2
 CC1=C(C=CC(=C1)C(C(F)(F)F)(C(F)(F)F)F)NC(=O)C2=C(C(=CC=C2)I)C(=O)NC(C)(C)CS(=O)(=O)C;1
 CC1=CC(=C(C(=C1)C)C2=C(C3(CCCC3)OC2=O)OC(=O)CC(C)(C)C)C;1
 CC(=O)N1C2=C(CN(C1=O)NCC3=CN=CC=C3)C=C(C=C2)C(C(F)(F)F)(C(F)(F)F)F;1
 CC1=C(C2=C(N1S(=O)(=O)C3=NN(C=N3)S(=O)(=O)N(C)C)C=C(C=C2)F)Br;1
 CC(C)(C)C1=CC=C(C=C1)C(C#N)(C(=O)C2=CC=CC=C2C(F)(F)F)C(=O)OCCOC;1
 CS(=O)(=O)C1=C(C(=C(C=C1)C(=O)C2C(=O)CCCC2=O)Cl)COCC3CCCO3;2
 CC1=NN(C(=C1C(=O)NC2=CC=CC=C2C(C)CC(C)C)F)C;1
 CC1=CC(=CC(=C1NC(=O)C2=CC(=NN2C3=C(C=CC=N3)Cl)Br)C(=O)NC)Cl;1
 CC1=C(N(N=C1C)C)C(=C(C#N)C2=CC=C(C=C2)C(C)(C)C)OC(=O)C(C)(C)C;1
 CC1=CC(=C(C(=C1C(=O)C2=C(C(=CN=C2OC)Cl)C)OC)OC)OC;1
 CC1=CC(=CC(=C1NC(=O)C2=CC(=NN2C3=C(C=CC=N3)Cl)Br)C(=O)NC)C#N;1
 CC1=NC(=CC=C1)CON=C(C)C2=CC(=C(C=C2)Cl)CNC(=O)OC;1
 CC1CON=C(O1)C2=C(N(N=C2Cl)C)S(=O)(=O)NC(=O)NC3=NC(=CC(=N3)OC)OC;1
 CC(C1=CN=C(C=C1)C(F)(F)F)S(=NC#N)(=O)C;2